pl_hostname,pl_letter,pl_discmethod,pl_orbper,pl_orbsmax,pl_orbeccen,pl_masse,pl_massj,pl_radj,pl_radj,pl_dens,pl_orbincl,st_dist,st_vj,st_teff,st_mass,st_rad,hd_name,hip_name,st_bmvj,pl_rade,pl_disc
Sol,Mercury,,,0.3871,,0.06,0.000188739,,,,,,,5780,1,1,,,,,
Sol,Venus,,,0.7233,,0.82,0.002579427,,,,,,,5780,1,1,,,,,
Sol,Earth,,,1,,1,0.003145643,,,,,,,5780,1,1,,,,,
Sol,Mars,,,1.524,,0.11,0.000346021,,,,,,,5780,1,1,,,,,
Sol,Jupiter,,,5.203,,317.9,1,,,,,,,5780,1,1,,,,,
Sol,Saturn,,,9.539,,95,0.298836112,,,,,,,5780,1,1,,,,,
Sol,Uranus,,,19.19,,14,0.044039006,,,,,,,5780,1,1,,,,,
Sol,Neptune,,,30.06,,17,0.053475936,,,,,,,5780,1,1,,,,,
Sol,Pluto,,,39.48,,0.002,6.29129E-06,,,,,,,5780,1,1,,,,,
11 Com,b,Radial Velocity,326.03,1.29,0.231,0,,,,,,112,4.74,4742,2.7,19.5,HD 107383,HIP 60202,1.01,,2008
11 UMi,b,Radial Velocity,516.22,1.54,0.08,0,,,,,,119.5,5.016,4340,1.8,24.08,HD 136726,HIP 74793,1.369,,2009
14 And,b,Radial Velocity,185.84,0.83,0,0,,,,,,76.4,5.22,4813,2.2,11,HD 221345,HIP 116076,1.02,,2008
14 Her,b,Radial Velocity,1773.4,2.77,0.369,0,,,,,,18.15,6.605,5311,0.9,,HD 145675,HIP 79248,0.89,,2002
16 Cyg B,b,Radial Velocity,798.5,1.681,0.681,534.072,1.68,,,,,21.41,6.2,5674,0.99,1.16,HD 186427,HIP 96901,0.66,,1996
18 Del,b,Radial Velocity,993.3,2.6,0.08,0,,,,,,73.1,5.506,4979,2.3,8.5,HD 199665,HIP 103527,0.924,,2008
1RXS J160929.1-210524,b,Imaging,,330,,2543.2,8,,,,,,,,,,,,,,2008
24 Sex,b,Radial Velocity,452.8,1.333,0.09,0,,,,,,74.8,6.441,5098,1.54,4.9,HD 90043,HIP 50887,0.958,,2010
24 Sex,c,Radial Velocity,883,2.08,0.29,0,,,,,,74.8,6.441,5098,1.54,4.9,HD 90043,HIP 50887,0.958,,2010
2MASS J04414489+2301513,b,Imaging,,15,,2384.25,7.5,,,,,,,,,,,,,,2010
2MASS J07464256+2000321A,b,Imaging,4640,,0.487,9988.418,31.42,,,,138.2,,,,,,,,,,2010
2MASS J12073346-3932539,b,Imaging,,41,,1271.6,4,1.5,1.5,,,,,,,,,,,16.813,2004
2MASS J21402931+1625183A,b,Imaging,7340,,0.26,6660.005,20.95,,,,46.2,,,,,,,,,,2010
2MASS J22062280-2047058A,b,Imaging,8686,,0,9988.418,31.42,,,,44.3,,,,,,,,,,2010
30 Ari B,b,Radial Velocity,335.1,0.995,0.289,0,,,,,,39.4,6.455,6152,1.16,1.13,HD 16246,HIP 12189,0.399,,2009
4 UMa,b,Radial Velocity,269.3,0.87,0.432,0,,,,,,62.39,4.61,4415,1.23,18.11,HD 73108,HIP 42527,1.17,,2007
42 Dra,b,Radial Velocity,479.1,1.19,0.38,0,,,,,,96.5,4.82,4200,0.98,22.03,HD 170693,HIP 90344,1.19,,2009
47 UMa,b,Radial Velocity,1078,2.1,0.032,0,,,,,,14.08,5.05,5882,1.08,1.23,HD 95128,HIP 53721,0.61,,1996
47 UMa,c,Radial Velocity,2391,3.6,0.098,0,,,,,,14.08,5.05,5882,1.08,1.23,HD 95128,HIP 53721,0.61,,2001
47 UMa,d,Radial Velocity,14002,11.6,0.16,0,,,,,,14.08,5.05,5882,1.08,1.23,HD 95128,HIP 53721,0.61,,2010
51 Peg,b,Radial Velocity,4.230785,0.0527,0.013,0,,,,,,15.4,5.5,5787,1.09,1.2,HD 217014,HIP 113357,0.67,,1995
55 Cnc,b,Radial Velocity,14.65162,0.115,0.014,0,,,,,,12.3,5.938,5196,0.91,0.94,HD 75732,HIP 43587,0.878,,1996
55 Cnc,c,Radial Velocity,44.3446,0.24,0.086,0,,,,,,12.3,5.938,5196,0.91,0.94,HD 75732,HIP 43587,0.878,,2002
55 Cnc,d,Radial Velocity,5218,5.77,0.025,0,,,,,,12.3,5.938,5196,0.91,0.94,HD 75732,HIP 43587,0.878,,2002
55 Cnc,e,Transit,0.7365449,0.01583,,8.5833,0.027,0.178,0.178,5.9,90,12.3,5.938,5196,0.91,0.94,HD 75732,HIP 43587,0.878,2,2004
55 Cnc,f,Radial Velocity,260,0.781,0.2,0,,,,,,12.3,5.938,5196,0.91,0.94,HD 75732,HIP 43587,0.878,,2007
6 Lyn,b,Radial Velocity,874.774,2.18,0.059,0,,,,,,56.9,5.88,4978,1.82,5.2,HD 45410,HIP 31039,0.94,,2008
61 Vir,b,Radial Velocity,4.215,0.050201,0.12,0,,,,,,8.52,4.74,5577,0.94,0.98,HD 115617,HIP 64924,0.71,,2009
61 Vir,c,Radial Velocity,38.021,0.2175,0.14,0,,,,,,8.52,4.74,5577,0.94,0.98,HD 115617,HIP 64924,0.71,,2009
61 Vir,d,Radial Velocity,123.01,0.476,0.35,0,,,,,,8.52,4.74,5577,0.94,0.98,HD 115617,HIP 64924,0.71,,2009
7 CMa,b,Radial Velocity,763,1.9,0.14,0,,,,,,19.75,3.92,4792,1.52,2.3,HD 47205,HIP 31592,1.05,,2011
70 Vir,b,Radial Velocity,116.6884,0.484,0.4007,2381.071,7.49,,,,,8.9,4.98,5545,1.11,,HD 117176,HIP 65721,0.71,,1996
75 Cet,b,Radial Velocity,691.9,2.1,0.117,953.7,3,,,,,81.5,5.35,4846,2.49,10.5,HD 15779,HIP 11791,1.02,,2012
81 Cet,b,Radial Velocity,952.7,2.5,0.206,0,,,,,,97.2,5.65,4785,2.4,11,HD 16400,HIP 12247,1.02,,2008
AB Pic,b,Imaging,,260,,4291.65,13.5,,,,,45.52,9.128,,,,HD 44627,HIP 30034,0.883,,2005
BD+14 4559,b,Radial Velocity,268.94,0.777,0.29,0,,,,,,50,9.63,5008,0.86,0.95,,HIP 104780,0.997,,2009
BD+20 2457,b,Radial Velocity,379.63,1.45,0.15,0,,,,,,200,,4137,2.8,49,,,,,2009
BD+20 2457,c,Radial Velocity,621.99,2.01,0.18,0,,,,,,200,,4137,2.8,49,,,,,2009
BD+20 274,b,Radial Velocity,578.2,1.3,0.21,1335.18,4.2,,,,,,,4296,0.8,17.3,,,,,2012
BD+48 738,b,Radial Velocity,392.6,1,0.2,0,,,,,,,,4414,0.74,11,,,,,2011
BD-08 2823,b,Radial Velocity,5.6,0.056,0.15,0,,,,,,42.2,9.88,4746,0.74,,,HIP 49067,0.999,,2009
BD-08 2823,c,Radial Velocity,237.6,0.68,0.19,0,,,,,,42.2,9.88,4746,0.74,,,HIP 49067,0.999,,2009
BD-10 3166,b,Radial Velocity,3.48777,0.0452,0.019,145.5982,0.458,,,,,,10.08,,,,,,0.84,,2000
BD-13 2130,b,Radial Velocity,714.3,2.1,0.21,0,,,,,,,9.767,,,,,,1.214,,2007
BD-17 63,b,Radial Velocity,655.6,1.34,0.54,0,,,,,,34.6,9.566,4714,0.74,0.69,,HIP 2247,1.165,,2008
BOKS-1,b,Transit,3.90512,0.0477,0,0,,1.11,1.11,,89.8,800,,5545,0.95,0.86,,,,12.442,2010
CT Cha,b,Imaging,,440,,5404.3,17,2.2,2.2,,,,,,,,,,,24.66,2008
CoRoT-1,b,Transit,1.5089557,0.0254,0,327.437,1.03,1.49,1.49,0.38,85.1,,,5950,0.95,1.11,,,,16.701,2007
CoRoT-10,b,Transit,13.2406,0.1055,0.53,874.225,2.75,0.97,0.97,3.7,88.55,345,,5075,0.89,0.79,,,,10.873,2010
CoRoT-11,b,Transit,2.99433,0.0436,0,740.707,2.33,1.43,1.43,0.99,83.17,560,,6440,1.27,1.37,,,,16.029,2010
CoRoT-12,b,Transit,2.828042,0.04016,0.07,291.5143,0.917,1.44,1.44,0.309,85.48,1150,,5675,1.08,1.12,,,,16.141,2010
CoRoT-13,b,Transit,4.03519,0.051,0,415.8132,1.308,0.885,0.885,2.34,88.02,1060,,5945,1.09,1.01,,,,9.92,2010
CoRoT-14,b,Transit,1.51215,,0,2409.682,7.58,1.09,1.09,7.3,79.6,1340,,6035,1.13,1.21,,,,12.218,2010
CoRoT-16,b,Transit,5.35227,0.0618,0.33,170.0765,0.535,1.17,1.17,0.44,85.01,840,,5650,1.1,1.19,,,,13.114,2012
CoRoT-17,b,Transit,3.7681,0.0461,0,772.497,2.43,1.02,1.02,2.82,88.34,920,,5740,1.04,1.59,,,,11.433,2011
CoRoT-18,b,Transit,1.9000693,0.0295,0.08,1103.113,3.47,1.31,1.31,2.2,86.5,870,,5440,0.95,1,,,,14.684,2011
CoRoT-19,b,Transit,3.89713,0.0518,0.047,352.869,1.11,1.29,1.29,0.71,88,770,,6090,1.21,1.65,,,,14.46,2011
CoRoT-2,b,Transit,1.7429964,0.0281,0,1052.249,3.31,1.465,1.465,1.31,87.84,,,5625,0.97,0.9,,,,16.421,2007
CoRoT-20,b,Transit,9.2,0.0902,0.562,1347.896,4.24,0.84,0.84,,88.21,1230,,5880,1.14,1.02,,,,9.42,2011
CoRoT-23,b,Transit,3.6313,0.048,0.16,890.12,2.8,1.05,1.05,,85.7,600,,5900,1.14,1.61,,,,11.77,2011
CoRoT-3,b,Transit,4.2568,0.057,0,6885.714,21.66,1.01,1.01,26.4,85.9,680,,6740,1.37,1.56,,,,11.321,2008
CoRoT-4,b,Transit,9.20205,0.09,0,228.888,0.72,1.19,1.19,0.525,90,,,6190,1.16,1.17,,,,13.339,2008
CoRoT-5,b,Transit,4.0378962,0.04947,0.09,148.4593,0.467,1.388,1.388,0.217,85.83,,,6100,1,1.19,,,,15.5,2008
CoRoT-6,b,Transit,8.886593,0.0855,0.1,940.984,2.96,1.166,1.166,2.32,89.07,,,6090,1.05,1.02,,,,13.068,2009
CoRoT-7,b,Transit,0.853585,0.0172,0,4.7685,0.015,0.15,0.15,5.6,80.1,150,,5275,0.93,0.87,,,,1.68,2009
CoRoT-7,c,Radial Velocity,3.698,0.046,0,0,,,,,,150,,5275,0.93,0.87,,,,,2009
CoRoT-8,b,Transit,6.21229,0.063,0,69.938,0.22,0.57,0.57,1.6,88.4,380,,5080,0.88,0.77,,,,6.389,2010
CoRoT-9,b,Transit,95.2738,0.407,0.11,267.036,0.84,1.05,1.05,0.9,89.99,460,,5625,0.99,0.94,,,,11.769,2010
DP Leo,b,Eclipse Timing Variations,8693,8.6,,1996.412,6.28,,,,,,,,,,,,,,2009
FU Tau,b,Imaging,,,,4768.5,15,,,,,,,,,,,,,,2009
Fomalhaut,b,Imaging,320000,115,0.13,953.7,3,,,,,7.69,1.16,,,,HD 216956,HIP 113368,0.09,,2008
GJ 1214,b,Transit,1.58040482,,0,6.358,0.02,0.244,0.244,1.68,90,13,14.68,2949,0.15,0.21,,,,2.74,2009
GJ 179,b,Radial Velocity,2288,2.41,0.21,0,,,,,,12.3,12,3370,0.36,0.38,,HIP 22627,1.52,,2010
GJ 3021,b,Radial Velocity,133.71,0.495,0.511,0,,,,,,17.62,6.582,5540,0.9,0.9,HD 1237,HIP 1292,0.77,,2000
GJ 317,b,Radial Velocity,692,1.15,0.11,0,,,,,45,15.1,11.97,3510,0.42,,,,1.5,,2007
GJ 317,c,Radial Velocity,10000,25,0.81,0,,,,,,15.1,11.97,3510,0.42,,,,1.5,,2007
GJ 3470,b,Transit,3.33714,0.0348,0.051,14.01939,0.0441,0.375,0.375,1.07,88.8,25.2,12.33,3600,0.54,0.5,,,,4.2,2012
GJ 3634,b,Radial Velocity,2.64561,0.0287,0.08,0,,,,,59,19.8,,,0.45,0.43,,,,,2011
GJ 433,b,Radial Velocity,7.3709,0.058,0.08,0,,,,,,9,9.806,3600,0.48,,,HIP 56528,1.513,,2009
GJ 436,b,Radial Velocity,2.64385,0.0285,0.16,23.42923,0.0737,0.365,0.365,2.008,86.36,10.2,10.65,3350,0.46,0.45,,HIP 57087,1.52,4.091,2004
GJ 581,b,Radial Velocity,5.36865,0.041,0.031,0,,,,,,6.21,10.56,,0.31,0.29,,HIP 74995,1.63,,2005
GJ 581,c,Radial Velocity,12.9182,0.073,0.07,0,,,,,,6.21,10.56,,0.31,0.29,,HIP 74995,1.63,,2007
GJ 581,d,Radial Velocity,66.64,0.22,0.25,0,,,,,,6.21,10.56,,0.31,0.29,,HIP 74995,1.63,,2007
GJ 581,e,Radial Velocity,3.14945,0.028,0.32,0,,,,,,6.21,10.56,,0.31,0.29,,HIP 74995,1.63,,2009
GJ 649,b,Radial Velocity,598.3,1.135,0.3,0,,,,,,10.34,9.69,3700,0.54,,,HIP 83043,1.5,,2009
GJ 667C,b,Radial Velocity,7.20066,0.049,0.172,0,,,,,,7.2,,3600,0.33,,,,,,2009
GJ 667C,c,Radial Velocity,28.155,0.123,0.27,0,,,,,,7.2,,3600,0.33,,,,,,2012
GJ 674,b,Radial Velocity,4.6938,0.039,0.2,0,,,,,,4.54,9.37,3600,0.35,,,HIP 85523,1.57,,2007
GJ 676A,b,Radial Velocity,1056.8,1.82,0.326,0,,,,,,16.45,9.58,,0.71,,,HIP 85647,1.44,,2009
GJ 832,b,Radial Velocity,3507,3.46,0.08,0,,,,,,4.93,8.66,3657,0.45,0.48,HD 204961,HIP 106440,1.506,,2008
GJ 849,b,Radial Velocity,1845,2.32,0.05,0,,,,,,9.1,10.37,,0.49,,,HIP 109388,1.5,,2006
GJ 86,b,Radial Velocity,15.76491,0.113,0.0416,0,,,,,,10.9,6.12,5151,0.77,,HD 13445,HIP 10138,0.82,,2000
GJ 876,b,Radial Velocity,61.1166,0.208317,0.0324,0,,,,,59,4.7,10.191,,0.33,,,HIP 113020,1.558,,2000
GJ 876,c,Radial Velocity,30.0881,0.12959,0.25591,0,,,,,59,4.7,10.191,,0.33,,,HIP 113020,1.558,,2000
GJ 876,d,Radial Velocity,1.93778,0.020807,0.207,0,,,,,59,4.7,10.191,,0.33,,,HIP 113020,1.558,,2005
GJ 876,e,Radial Velocity,124.26,0.3343,0.055,0,,,,,59,4.7,10.191,,0.33,,,HIP 113020,1.558,,2010
GQ Lup,b,Imaging,,,,6834.85,21.5,1.8,1.8,,,,12.43,,,,,,1.05,20,2005
GSC 06214-00210,b,Imaging,,,,4450.6,14,,,,,145,,,0.6,,,,,,2010
HAT-P-1,b,Transit,4.4652934,0.05531,0,166.5796,0.524,1.225,1.225,0.345,86.28,155,10.34,5975,1.13,1.11,,,0.56,13.73,2006
HAT-P-11,b,Transit,4.8878162,0.053,0.198,25.7499,0.081,0.422,0.422,1.33,88.5,38,9.472,4780,0.81,0.75,,HIP 97657,1.186,4.73,2009
HAT-P-12,b,Transit,3.2130598,0.0384,0,66.759,0.21,0.936,0.936,0.3192,89,142.5,,4650,0.73,0.7,,,,10.492,2009
HAT-P-13,b,Transit,2.91626,0.0427,0.021,270.5329,0.851,1.272,1.272,0.498,83.4,214,,5653,1.22,1.56,,,,14.258,2009
HAT-P-13,c,Radial Velocity,446.27,,0.6616,0,,,,,,214,,5653,1.22,1.56,,,,,2009
HAT-P-14,b,Transit,4.627669,0.0606,0.107,709.5528,2.232,1.15,1.15,1.82,83.5,205,,6600,1.39,1.47,,,,12.89,2010
HAT-P-15,b,Transit,10.863502,0.0964,0.19,618.6334,1.946,1.072,1.072,1.96,89.1,190,,5568,1.01,1.08,,,,12.016,2010
HAT-P-16,b,Transit,2.77596,0.0413,0.036,1332.9547,4.193,1.289,1.289,2.42,86.6,235,,6158,1.22,1.24,,,,14.448,2010
HAT-P-17,b,Transit,10.338523,0.0882,0.346,168.487,0.53,1.01,1.01,0.64,89.2,90,,5246,0.86,0.84,,,,11.321,2010
HAT-P-17,c,Radial Velocity,1610,2.555,0.086,0,,,,,,90,,5246,0.86,0.84,,,,,2010
HAT-P-18,b,Transit,5.508023,0.0559,0.084,62.6263,0.197,0.995,0.995,0.25,88.8,166,,4803,0.77,0.75,,,,11.153,2010
HAT-P-19,b,Transit,4.008778,0.0466,0.067,92.8268,0.292,1.132,1.132,,88.2,215,,4990,0.84,0.82,,,,12.689,2010
HAT-P-2,b,Transit,5.6334729,0.06878,0.5171,2889.711,9.09,1.157,1.157,7.29,86.72,110.3,8.689,6290,1.36,1.64,HD 147506,HIP 80076,0.461,12.97,2007
HAT-P-20,b,Transit,2.875317,0.0361,0.015,2303.5034,7.246,0.867,0.867,13.78,86.8,70,,4595,0.76,0.69,,,,9.718,2010
HAT-P-21,b,Transit,4.124481,0.0494,0.228,1291.6277,4.063,1.024,1.024,4.68,87.2,254,,5588,0.95,1.1,,,,11.478,2010
HAT-P-22,b,Transit,3.21222,0.0414,0.016,682.5313,2.147,1.08,1.08,2.11,86.9,82,,5302,0.92,1.04,HD 233731,,,12.106,2010
HAT-P-23,b,Transit,1.212884,0.0232,0.106,664.411,2.09,1.368,1.368,1.01,85.1,393,,5905,1.13,1.2,,,,15.334,2010
HAT-P-24,b,Transit,3.35524,0.0465,0.067,217.7615,0.685,1.242,1.242,0.44,88.6,396,,6373,1.19,1.32,,,,13.922,2010
HAT-P-25,b,Transit,3.652836,0.0466,0.032,180.2493,0.567,1.19,1.19,0.42,87.6,297,,5500,1.01,0.96,,,,13.339,2010
HAT-P-26,b,Transit,4.234516,0.0479,0.124,18.7561,0.059,0.565,0.565,0.4,88.6,134,,5079,0.82,0.79,,,,6.333,2010
HAT-P-27,b,Transit,3.039586,0.0403,0.078,209.814,0.66,1.038,1.038,0.73,84.7,204,,5300,0.94,0.9,,,,11.635,2011
HAT-P-28,b,Transit,3.257215,0.0434,0.051,199.0054,0.626,1.212,1.212,0.44,88,395,,5680,1.02,1.1,,,,13.585,2011
HAT-P-29,b,Transit,5.723186,0.0667,0.095,247.3262,0.778,1.107,1.107,0.71,87.1,322,,6087,1.21,1.22,,,,12.408,2011
HAT-P-3,b,Transit,2.899736,0.03866,0,187.8789,0.591,0.827,0.827,1.29,87.07,138.7,11.577,5185,0.92,0.8,,,0.671,9.27,2007
HAT-P-30,b,Transit,2.810595,0.0419,0.035,226.0269,0.711,1.34,1.34,0.37,83.6,193,,6304,1.24,1.22,,,,15.02,2011
HAT-P-31,b,Transit,5.005425,0.055,0.245,690.1609,2.171,1.07,1.07,2.18,87.1,354,,6065,1.22,1.36,,,,11.994,2011
HAT-P-31,c,Radial Velocity,1022,,,0,,,,,,354,,6065,1.22,1.36,,,,,2011
HAT-P-32,b,Transit,2.150008,0.0343,0,273.394,0.86,1.789,1.789,0.19,88.9,283,,6207,1.16,1.22,,,,20.053,2011
HAT-P-33,b,Transit,3.474474,0.0499,0,242.2398,0.762,1.686,1.686,0.2,87.2,387,,6446,1.38,1.64,,,,18.898,2011
HAT-P-34,b,Transit,5.452654,0.0677,0.441,1057.9712,3.328,1.197,1.197,2.4,87.1,257,,6442,1.39,1.53,HD 351766,,,13.417,2012
HAT-P-35,b,Transit,3.646706,0.0498,0.025,335.0666,1.054,1.332,1.332,0.55,87.3,535,,6096,1.24,1.44,,,,14.93,2012
HAT-P-36,b,Transit,1.327347,0.0238,0.063,582.3928,1.832,1.264,1.264,1.12,86,317,,5560,1.02,1.1,,,,14.168,2012
HAT-P-37,b,Transit,2.797436,0.0379,0.058,371.6251,1.169,1.178,1.178,0.89,86.9,411,,5500,0.93,0.88,,,,13.204,2012
HAT-P-38,b,Transit,4.640382,0.0523,0.067,84.8793,0.267,0.825,0.825,0.59,88.3,249,,5330,0.89,0.92,,,,9.247,2012
HAT-P-39,b,Transit,3.54387,0.0509,0,190.4221,0.599,1.571,1.571,0.19,87,642,,6430,1.4,1.62,,,,17.609,2012
HAT-P-4,b,Transit,3.0565114,0.04438,0,216.172,0.68,1.332,1.332,0.403,89.67,314,11.118,5860,1.26,1.6,,,0.713,14.93,2007
HAT-P-40,b,Transit,4.457243,0.0608,0,195.5085,0.615,1.73,1.73,0.15,88.3,501,,6080,1.51,2.21,,,,19.392,2012
HAT-P-41,b,Transit,2.694047,0.0426,0,254.32,0.8,1.685,1.685,0.2,87.7,344,,6390,1.42,1.68,,,,18.887,2012
HAT-P-5,b,Transit,2.788491,0.04075,0,336.974,1.06,1.252,1.252,0.67,86.75,342,,5960,1.16,1.14,,,,14.034,2007
HAT-P-6,b,Transit,3.853003,0.05237,0,336.6561,1.059,1.33,1.33,0.559,85.51,261,,6570,1.29,1.46,,,,14.91,2007
HAT-P-7,b,Transit,2.2047304,0.032,0.039,564.5904,1.776,1.363,1.363,0.876,80.8,320,,6350,1.47,1.84,,,,15.278,2008
HAT-P-8,b,Transit,3.0763402,0.0487,0,483.208,1.52,1.5,1.5,0.568,87.5,230,,6200,1.28,1.58,,,,16.8,2008
HAT-P-9,b,Transit,3.92289,0.053,0,247.962,0.78,1.4,1.4,0.35,86.5,480,,6350,1.28,1.32,,,,15.7,2008
HATS-1,b,Transit,3.446459,0.0444,0.12,589.7045,1.855,1.302,1.302,1.03,85.6,303,,5870,0.99,1.04,,,,14.594,2012
HD 100655,b,Radial Velocity,157.57,0.76,0.085,0,,,,,,140.85,6.438,,,,HD 100655,HIP 56508,1.031,,2011
HD 100777,b,Radial Velocity,383.7,1.03,0.36,0,,,,,,52.8,8.418,,,,HD 100777,HIP 56572,0.778,,2007
HD 10180,c,Radial Velocity,5.75979,0.0641,0.045,0,,,,,,39.39,7.321,,,,HD 10180,HIP 7599,0.627,,2010
HD 10180,d,Radial Velocity,16.3579,0.1286,0.088,0,,,,,,39.39,7.321,,,,HD 10180,HIP 7599,0.627,,2010
HD 10180,e,Radial Velocity,49.745,0.2699,0.026,0,,,,,,39.39,7.321,,,,HD 10180,HIP 7599,0.627,,2010
HD 10180,f,Radial Velocity,122.76,0.4929,0.135,0,,,,,,39.39,7.321,,,,HD 10180,HIP 7599,0.627,,2010
HD 10180,g,Radial Velocity,601.2,1.422,0.19,0,,,,,,39.39,7.321,,,,HD 10180,HIP 7599,0.627,,2010
HD 10180,h,Radial Velocity,2222,3.4,0.08,0,,,,,,39.39,7.321,,,,HD 10180,HIP 7599,0.627,,2010
HD 101930,b,Radial Velocity,70.46,0.302,0.11,0,,,,,,30.5,8.216,,,,HD 101930,HIP 57172,0.928,,2005
HD 102117,b,Radial Velocity,20.8079,0.1532,0.106,0,,,,,,42,7.448,,,,HD 102117,HIP 57291,0.75,,2004
HD 102195,b,Radial Velocity,4.113775,,0,0,,,,,,28.98,8.062,,,,HD 102195,HIP 57370,0.835,,2005
HD 102272,b,Radial Velocity,127.58,0.614,0.05,0,,,,,,164.2,8.711,,,,HD 102272,HIP 57428,0.982,,2008
HD 102272,c,Radial Velocity,520,1.57,0.68,0,,,,,,164.2,8.711,,,,HD 102272,HIP 57428,0.982,,2008
HD 102329,b,Radial Velocity,778.1,2.01,0.211,0,,,,,,138.5,7.886,,,,HD 102329,HIP 57467,1.044,,2011
HD 102365,b,Radial Velocity,122.1,0.46,0.34,0,,,,,,9.24,4.91,,,,HD 102365,HIP 57443,0.66,,2010
HD 102956,b,Radial Velocity,6.495,0.081,0.048,0,,,,,,121.07,7.851,,,,HD 102956,HIP 57820,0.973,,2010
HD 103197,b,Radial Velocity,47.8,,,0,,,,,,49.33,9.391,,,,HD 103197,HIP 57931,0.914,,2009
HD 104067,b,Radial Velocity,55.806,0.2643,,0,,,,,,20.82,7.92,,,,HD 104067,HIP 58451,0.98,,2009
HD 104985,b,Radial Velocity,198.2,0.78,0.03,0,,,,,,102.04,5.8,,,,HD 104985,HIP 58952,1.01,,2003
HD 106252,b,Radial Velocity,1531,2.611,0.482,0,,,,,,37.44,7.408,,,,HD 106252,HIP 59610,0.616,,2002
HD 106270,b,Radial Velocity,2890,4.3,0.402,0,,,,,,87.87,7.577,,,,HD 106270,HIP 59625,0.743,,2011
HD 10647,b,Radial Velocity,1003,2.03,0.16,0,,,,,,17.35,5.519,,,,HD 10647,HIP 7978,0.535,,2003
HD 106515A,b,Radial Velocity,3630,,0.6,3337.88642,10.4998,,,,,36.36,7.971,,,,HD 106515A,HIP 59743A,0.822,,2011
HD 10697,b,Radial Velocity,1075.2,2.131,0.099,0,,,,,,32.56,6.279,,,,HD 10697,HIP 8159,0.706,,2000
HD 107148,b,Radial Velocity,48.056,0.269,0.05,0,,,,,,51.26,8.015,,,,HD 107148,HIP 60081,0.703,,2006
HD 108147,b,Radial Velocity,10.8985,0.102,0.53,0,,,,,,38.56,6.995,,,,HD 108147,HIP 60644,0.538,,2002
HD 108863,b,Radial Velocity,443.4,1.4,0.1,0,,,,,,138.5,7.739,,,,HD 108863,HIP 61020,1.008,,2011
HD 108874,b,Radial Velocity,394.48,1.053,0.128,0,,,,,,68.54,8.738,,,,HD 108874,HIP 61028,0.765,,2003
HD 108874,c,Radial Velocity,1680,2.77,0.273,0,,,,,,68.54,8.738,,,,HD 108874,HIP 61028,0.765,,2005
HD 109246,b,Radial Velocity,68.27,0.33,0.12,0,,,,,,65.62,8.757,,,,HD 109246,HIP 61177,0.663,,2010
HD 109749,b,Radial Velocity,5.24,0.0635,0.01,0,,,,,,59.03,8.208,,,,HD 109749,HIP 61595A,0.657,,2005
HD 110014,b,Radial Velocity,835.477,2.14,0.462,0,,,,,,97.66,4.67,,,,HD 110014,HIP 61740,1.22,,2009
HD 111232,b,Radial Velocity,1143,1.97,0.2,0,,,,,,28.88,7.607,,,,HD 111232,HIP 62534,0.699,,2004
HD 113538,b,Radial Velocity,263.3,0.71,0.61,0,,,,,,15.71,9.07,,,,HD 113538,HIP 63833,1.37,,2010
HD 113538,c,Radial Velocity,1657,2.43,0.32,0,,,,,,15.71,9.07,,,,HD 113538,HIP 63833,1.37,,2010
HD 114386,b,Radial Velocity,937.7,1.65,0.23,0,,,,,,28.04,8.715,,,,HD 114386,HIP 64295,1.082,,2003
HD 114386,c,Radial Velocity,1046,,0.06,377.099338,1.18622,,,,,28.04,8.715,,,,HD 114386,HIP 64295,1.082,,2011
HD 114729,b,Radial Velocity,1114,2.11,0.167,0,,,,,,35,6.695,,,,HD 114729,HIP 64459,0.592,,2002
HD 114762,b,Radial Velocity,83.888,0.363,0.3359,0,,,,,,40.57,7.301,,,,HD 114762,HIP 64426,0.517,,1989
HD 114783,b,Radial Velocity,493.7,1.16,0.144,0,,,,,,20.43,7.563,,,,HD 114783,HIP 64457,0.926,,2001
HD 11506,b,Radial Velocity,1271,2.43,0.22,0,,,,,,53.82,7.513,,,,HD 11506,HIP 8770,0.594,,2007
HD 11506,c,Radial Velocity,170.6,0.639,0.42,0,,,,,,53.82,7.513,,,,HD 11506,HIP 8770,0.594,,2009
HD 116029,b,Radial Velocity,670.2,1.73,0.21,0,,,,,,110.62,7.871,,,,HD 116029,HIP 65117,1.027,,2011
HD 117207,b,Radial Velocity,2597,3.79,0.144,0,,,,,,33.01,7.247,,,,HD 117207,HIP 65808,0.738,,2004
HD 117618,b,Radial Velocity,25.827,0.176,0.42,0,,,,,,38.02,7.169,,,,HD 117618,HIP 66047,0.6,,2004
HD 118203,b,Radial Velocity,6.1335,0.07,0.309,0,,,,,,88.57,8.057,,,,HD 118203,HIP 66192,0.69,,2005
HD 11964,b,Radial Velocity,1945,3.16,0.041,0,,,,,,33.98,6.41,,,,HD 11964,HIP 9094,0.82,,2005
HD 11964,c,Radial Velocity,37.91,0.229,0.3,0,,,,,,33.98,6.41,,,,HD 11964,HIP 9094,0.82,,2005
HD 11977,b,Radial Velocity,711,1.93,0.4,0,,,,,,66.49,4.69,,,,HD 11977,HIP 8928,0.95,,2005
HD 121504,b,Radial Velocity,63.33,0.33,0.03,0,,,,,,44.37,7.517,,,,HD 121504,HIP 68162,0.602,,2003
HD 122430,b,Radial Velocity,344.95,1.02,0.68,0,,,,,,133.16,5.469,,,,HD 122430,HIP 68581,1.331,,2003
HD 125595,b,Radial Velocity,9.6737,0.0809,,0,,,,,,27.45,9,,,,HD 125595,HIP 70170,1.108,,2009
HD 125612,b,Radial Velocity,559.4,1.37,0.46,0,,,,,,52.83,8.317,,,,HD 125612,HIP 70123,0.613,,2007
HD 125612,c,Radial Velocity,4.1547,0.05,0.27,0,,,,,,52.83,8.317,,,,HD 125612,HIP 70123,0.613,,2009
HD 125612,d,Radial Velocity,3008,4.2,0.28,0,,,,,,52.83,8.317,,,,HD 125612,HIP 70123,0.613,,2009
HD 126525,b,Radial Velocity,948.12,1.8105,0.13,0,,,,,,38.05,7.84,,,,HD 126525,HIP 70695,0.7,,2011
HD 12661,b,Radial Velocity,262.709,0.831,0.3768,0,,,,,,37.16,7.425,,,,HD 12661,HIP 9683,0.731,,2000
HD 12661,c,Radial Velocity,1708,2.9,0.031,0,,,,,,37.16,7.425,,,,HD 12661,HIP 9683,0.731,,2002
HD 126614,b,Radial Velocity,1244,2.35,0.41,0,,,,,,68.35,8.788,,,,HD 126614,HIP 70623,0.874,,2010
HD 128311,b,Radial Velocity,454.2,1.086,0.345,0,,,,,,16.57,7.487,,,,HD 128311,HIP 71395,0.993,,2002
HD 128311,c,Radial Velocity,923.8,1.745,0.23,0,,,,,,16.57,7.487,,,,HD 128311,HIP 71395,0.993,,2005
HD 129445,b,Radial Velocity,1840,2.9,0.7,0,,,,,,67.61,8.787,,,,HD 129445,HIP 72203,0.787,,2010
HD 130322,b,Radial Velocity,10.7085,0.0896,0.011,0,,,,,,29.76,8.031,,,,HD 130322,HIP 72339,0.796,,1999
HD 131496,b,Radial Velocity,883,2.09,0.163,0,,,,,,121.36,7.799,,,,HD 131496,HIP 72845,1.03,,2011
HD 131664,b,Radial Velocity,1951,3.17,0.638,0,,,,,,57.21,8.128,,,,HD 131664,HIP 73408,0.69,,2008
HD 13189,b,Radial Velocity,471.6,1.85,0.27,0,,,,,,300.3,7.556,,,,HD 13189,HIP 10085,1.483,,2005
HD 132406,b,Radial Velocity,974,1.98,0.34,0,,,,,,70.97,8.467,,,,HD 132406,HIP 73146,0.631,,2007
HD 132563,b,Radial Velocity,1544,2.62,0.22,0,,,,,,98.52,8.928,,,,HD 132563,HIP 73261A,0.541,,2011
HD 134060,b,Radial Velocity,3.27,0.0444,0.4,0,,,,,,24.15,6.3,,,,HD 134060,HIP 74273,0.63,,2011
HD 134060,c,Radial Velocity,1160.9,2.2263,0.75,0,,,,,,24.15,6.3,,,,HD 134060,HIP 74273,0.63,,2011
HD 134606,b,Radial Velocity,12.083,0.1023,0.15,0,,,,,,26.91,6.854,,,,HD 134606,HIP 74653,0.754,,2011
HD 134606,c,Radial Velocity,59.519,0.2962,0.29,0,,,,,,26.91,6.854,,,,HD 134606,HIP 74653,0.754,,2011
HD 134606,d,Radial Velocity,459.26,1.1567,0.46,0,,,,,,26.91,6.854,,,,HD 134606,HIP 74653,0.754,,2011
HD 134987,b,Radial Velocity,258.19,0.81,0.233,0,,,,,,25.65,6.45,,,,HD 134987,HIP 74500,0.7,,1999
HD 134987,c,Radial Velocity,5000,5.8,0.12,0,,,,,,25.65,6.45,,,,HD 134987,HIP 74500,0.7,,2009
HD 136352,b,Radial Velocity,11.577,0.0933,0.18,0,,,,,,14.56,5.65,,,,HD 136352,HIP 75181,0.65,,2011
HD 136352,c,Radial Velocity,27.582,0.1665,0.16,0,,,,,,14.56,5.65,,,,HD 136352,HIP 75181,0.65,,2011
HD 136352,d,Radial Velocity,106.72,0.411,0.43,0,,,,,,14.56,5.65,,,,HD 136352,HIP 75181,0.65,,2011
HD 136418,b,Radial Velocity,464.3,1.32,0.255,0,,,,,,106.38,7.879,,,,HD 136418,HIP 74961,0.937,,2010
HD 137388A,b,Radial Velocity,330,0.89,0.36,0,,,,,,38.45,8.696,,,,HD 137388A,HIP 76351,0.894,,2011
HD 13808,b,Radial Velocity,14.182,0.1017,0.17,0,,,,,,28.6,8.381,,,,HD 13808,HIP 10301,0.851,,2011
HD 13808,c,Radial Velocity,53.832,0.2476,0.43,0,,,,,,28.6,8.381,,,,HD 13808,HIP 10301,0.851,,2011
HD 13931,b,Radial Velocity,4218,5.15,0.02,0,,,,,,45.52,7.597,,,,HD 13931,HIP 10626,0.642,,2010
HD 139357,b,Radial Velocity,1125.7,2.36,0.1,0,,,,,,121.36,5.964,,,,HD 139357,HIP 76311,1.196,,2009
HD 141937,b,Radial Velocity,653.22,1.52,0.41,0,,,,,,33.46,7.25,,,,HD 141937,HIP 77740,0.622,,2002
HD 142,b,Radial Velocity,349.7,1.02,0.17,0,,,,,,25.7,5.7,6403,1.23,1.47,HD 142,HIP 522,0.52,,2001
HD 142,c,Radial Velocity,6005,6.8,0.21,0,,,,,,25.7,5.7,6403,1.23,1.47,HD 142,HIP 522,0.52,,2012
HD 142022A,b,Radial Velocity,1928,3.03,0.53,0,,,,,,35.87,7.655,,,,HD 142022A,HIP 79242,0.8,,2005
HD 142245,b,Radial Velocity,1299,2.77,0.32,0,,,,,,106.38,7.452,,,,HD 142245,HIP 77783,1.042,,2011
HD 142415,b,Radial Velocity,386.3,1.05,0.5,0,,,,,,34.57,7.327,,,,HD 142415,HIP 78169,0.632,,2003
HD 143361,b,Radial Velocity,1057,2,0.15,0,,,,,,59.35,9.225,,,,HD 143361,HIP 78521,0.8,,2008
HD 145377,b,Radial Velocity,103.95,0.45,0.307,0,,,,,,55.19,8.095,,,,HD 145377,HIP 79346,0.639,,2008
HD 145457,b,Radial Velocity,176.3,0.76,0.112,0,,,,,,126.1,6.566,,,,HD 145457,HIP 79219,1.042,,2010
HD 1461,b,Radial Velocity,5.7727,0.063438,0.14,0,,,,,,23.4,6.46,5765,1.02,1.11,HD 1461,HIP 1499,0.68,,2009
HD 1461,c,Radial Velocity,13.505,0.1117,0,0,,,,,,23.4,6.46,5765,1.02,1.11,HD 1461,HIP 1499,0.68,,2011
HD 147018,b,Radial Velocity,44.236,0.2388,0.4686,0,,,,,,42.68,8.301,,,,HD 147018,HIP 80250,0.773,,2009
HD 147018,c,Radial Velocity,1008,1.922,0.133,0,,,,,,42.68,8.301,,,,HD 147018,HIP 80250,0.773,,2009
HD 147513,b,Radial Velocity,528.4,1.32,0.26,0,,,,,,12.87,5.39,,,,HD 147513,HIP 80337,0.62,,2003
HD 148156,b,Radial Velocity,1027,2.45,0.52,0,,,,,,53.05,7.689,,,,HD 148156,HIP 80680,0.568,,2009
HD 148427,b,Radial Velocity,331.5,0.93,0.16,0,,,,,,59.28,6.895,,,,HD 148427,HIP 80687,0.952,,2009
HD 149026,b,Radial Velocity,2.8758911,0.04288,0,116.9872,0.368,0.813,0.813,0.85,88,83,8.137,6160,1.34,1.54,HD 149026,HIP 80838,0.616,9.113,2005
HD 149143,b,Radial Velocity,4.072,0.053,0.016,0,,,,,,63.49,7.893,,,,HD 149143,HIP 81022,0.668,,2005
HD 149382,b,Radial Velocity,2.391,,0,0,,,,,39,76.51,,,,,HD 149382,HIP 81145,,,2009
HD 1502,b,Radial Velocity,431.8,1.31,0.101,0,,,,,,167.5,8.342,,,,HD 1502,HIP 1547,0.948,,2011
HD 150433,b,Radial Velocity,1096.2,1.9303,0,0,,,,,,29.55,7.21,,,,HD 150433,HIP 81681,0.64,,2011
HD 152079,b,Radial Velocity,2097,3.2,0.6,0,,,,,,85.18,9.156,,,,HD 152079,HIP 82632,0.752,,2010
HD 152581,b,Radial Velocity,689,1.48,0.22,0,,,,,,182.82,8.347,,,,HD 152581,HIP 82651,0.903,,2011
HD 153950,b,Radial Velocity,499.4,1.28,0.34,0,,,,,,51.87,7.39,,,,HD 153950,HIP 83547,0.552,,2008
HD 154088,b,Radial Velocity,18.596,0.1316,0.38,0,,,,,,18.08,6.58,,,,HD 154088,HIP 83541,0.83,,2011
HD 154345,b,Radial Velocity,3342,4.19,0.044,0,,,,,,18.06,6.769,,,,HD 154345,HIP 83389,0.743,,2006
HD 154672,b,Radial Velocity,163.9,0.6,0.61,0,,,,,,65.79,8.204,,,,HD 154672,HIP 83983,0.708,,2008
HD 154857,b,Radial Velocity,409,1.2,0.47,0,,,,,,68.54,7.238,,,,HD 154857,HIP 84069,0.697,,2004
HD 155358,b,Radial Velocity,194.3,0.64,0.17,0,,,,,,43.4,7.27,,,,HD 155358,HIP 83949,0.524,,2007
HD 155358,c,Radial Velocity,391.9,1.02,0.16,0,,,,,,43.4,7.27,,,,HD 155358,HIP 83949,0.524,,2007
HD 156279,b,Radial Velocity,131.05,0.495,0.708,0,,,,,,35.37,8.077,,,,HD 156279,HIP 84171,0.803,,2011
HD 156411,b,Radial Velocity,842,,,0,,,,,,55.1,6.673,,,,HD 156411,HIP 84787,0.601,,2009
HD 156668,b,Radial Velocity,4.6455,0.05,0,0,,,,,,24.05,8.424,,,,HD 156668,HIP 84607,1.003,,2010
HD 156846,b,Radial Velocity,359.5546,1.096,0.84785,0,,,,,,49,6.52,,,,HD 156846,HIP 84856,0.58,,2007
HD 157172,b,Radial Velocity,104.84,0.416,0.46,0,,,,,,33.48,7.859,,,,HD 157172,HIP 85017,0.779,,2011
HD 158038,b,Radial Velocity,521,1.52,0.291,0,,,,,,114.15,7.464,,,,HD 158038,HIP 85294,1.052,,2011
HD 159868,b,Radial Velocity,986,2,0.69,0,,,,,,52.72,7.242,,,,HD 159868,HIP 86375,0.717,,2007
HD 160691,b,Radial Velocity,643.25,1.497,0.128,532.8004,1.676,,,,,15.28,5.15,,,,HD 160691,HIP 86796,0.7,,2001
HD 160691,c,Radial Velocity,4205.8,5.235,0.0985,0,,,,,,15.28,5.15,,,,HD 160691,HIP 86796,0.7,,2004
HD 160691,d,Radial Velocity,9.6386,0.09094,0.172,10.557459,0.03321,,,,,15.28,5.15,,,,HD 160691,HIP 86796,0.7,,2004
HD 160691,e,Radial Velocity,310.55,0.921,0.0666,165.91201,0.5219,,,,,15.28,5.15,,,,HD 160691,HIP 86796,0.7,,2007
HD 16141,b,Radial Velocity,75.523,0.363,0.252,0,,,,,,35.91,6.818,,,,HD 16141,HIP 12048,0.68,,2000
HD 16175,b,Radial Velocity,990,2.1,0.59,0,,,,,,59.84,7.282,,,,HD 16175,HIP 12191,0.644,,2007
HD 162020,b,Radial Velocity,8.428198,0.074,0.277,0,,,,,,31.26,9.118,,,,HD 162020,HIP 87330,0.988,,2002
HD 163607,b,Radial Velocity,75.229,0.36,0.73,0,,,,,,69.44,7.979,,,,HD 163607,HIP 87601,0.783,,2011
HD 163607,c,Radial Velocity,1314,2.42,0.12,0,,,,,,69.44,7.979,,,,HD 163607,HIP 87601,0.783,,2011
HD 16417,b,Radial Velocity,17.24,0.14,0.2,0,,,,,,25.54,5.79,,,,HD 16417,HIP 12186,0.66,,2009
HD 164509,b,Radial Velocity,282.4,0.875,0.26,0,,,,,,51.81,8.103,,,,HD 164509,HIP 88268,0.621,,2011
HD 164604,b,Radial Velocity,606.4,1.3,0.24,0,,,,,,37.98,9.827,,,,HD 164604,HIP 88414,1.05,,2010
HD 164922,b,Radial Velocity,1155,2.11,0.05,0,,,,,,21.92,6.99,,,,HD 164922,HIP 88348,0.82,,2006
HD 166724,b,Radial Velocity,8100,,0.77,1310.342473,4.12187,,,,,42.99,9.344,,,,HD 166724,HIP 89354,0.857,,2011
HD 167042,b,Radial Velocity,412.6,1.3,0.027,0,,,,,,50,5.94,,,,HD 167042,HIP 89047,0.94,,2007
HD 16760,b,Radial Velocity,465.1,1.13,0.067,0,,,,,,50.18,8.765,,,,HD 16760,HIP 12638,0.69,,2009
HD 168443,b,Radial Velocity,58.11289,0.3,0.5286,0,,,,,,37.88,6.917,,,,HD 168443,HIP 89844,0.735,,1998
HD 168443,c,Radial Velocity,1749.5,2.91,0.212,0,,,,,,37.88,6.917,,,,HD 168443,HIP 89844,0.735,,2001
HD 168746,b,Radial Velocity,6.403,0.065,0.081,0,,,,,,43.12,7.946,,,,HD 168746,HIP 90004,0.718,,2002
HD 1690,b,Radial Velocity,533,1.3,0.64,0,,,,,,7.01,9.173,,,,HD 1690,HIP 1692,1.314,,2010
HD 169830,b,Radial Velocity,225.62,0.81,0.31,0,,,,,,36.32,5.902,,,,HD 169830,HIP 90485,0.505,,2000
HD 169830,c,Radial Velocity,2102,3.6,0.33,0,,,,,,36.32,5.902,,,,HD 169830,HIP 90485,0.505,,2003
HD 170469,b,Radial Velocity,1145,2.1,0.11,0,,,,,,64.98,8.176,,,,HD 170469,HIP 90593,0.684,,2007
HD 17092,b,Radial Velocity,359.9,1.29,0.166,0,,,,,,,7.732,,,,HD 17092,,1.267,,2007
HD 171028,b,Radial Velocity,538,1.29,0.61,0,,,,,,,8.292,,,,HD 171028,,0.642,,2007
HD 171238,b,Radial Velocity,1523,2.54,0.4,0,,,,,,44.05,8.652,,,,HD 171238,HIP 91085,0.758,,2009
HD 17156,b,Radial Velocity,21.21663,0.1614,0.6819,1014.4189,3.191,1.087,1.087,3.78,86.89,75,8.162,6100,1.27,1.5,HD 17156,HIP 13192,0.617,12.184,2007
HD 173416,b,Radial Velocity,323.6,1.16,0.21,0,,,,,,134.95,6.037,,,,HD 173416,HIP 91852,1.057,,2009
HD 175167,b,Radial Velocity,1290,2.4,0.54,0,,,,,,67.02,8,,,,HD 175167,HIP 93281,0.78,,2010
HD 175541,b,Radial Velocity,297.3,1.03,0.33,0,,,,,,127.55,8.01,,,,HD 175541,HIP 92895,0.9,,2007
HD 176051,b,Astrometry,1016,,,476.85,1.5,,,,,14.98,5.278,,,,HD 176051,HIP 93017A,0.555,,2010
HD 177830,b,Radial Velocity,406.6,1.2218,0.009,0,,,,,,59.03,7.177,,,,HD 177830,HIP 93746,1.091,,1999
HD 177830,c,Radial Velocity,110.9,0.5137,0.3,0,,,,,,59.03,7.177,,,,HD 177830,HIP 93746,1.091,,2010
HD 178911B,b,Radial Velocity,71.487,0.32,0.1243,0,,,,,,46.73,7.792,,,,HD 178911B,HIP 94075,0.753,,2001
HD 179079,b,Radial Velocity,14.476,0.11,0.115,0,,,,,,63.69,7.959,,,,HD 179079,HIP 94256,0.707,,2009
HD 179949,b,Radial Velocity,3.0925,0.045,0.022,0,,,,,,27.05,6.245,,,,HD 179949,HIP 94645,0.54,,2000
HD 180314,b,Radial Velocity,396.03,1.4,0.257,6993.8,22,,,,,131.75,6.608,,,,HD 180314,HIP 94576,1.019,,2010
HD 180902,b,Radial Velocity,479,1.39,0.09,0,,,,,,114.55,7.778,,,,HD 180902,HIP 94951,0.934,,2010
HD 181342,b,Radial Velocity,663,1.78,0.177,0,,,,,,115.47,7.551,,,,HD 181342,HIP 95124,1.015,,2010
HD 181433,b,Radial Velocity,9.3743,0.08,0.396,0,,,,,,26.15,8.4,,,,HD 181433,HIP 95467,1.04,,2008
HD 181433,c,Radial Velocity,962,1.76,0.28,0,,,,,,26.15,8.4,,,,HD 181433,HIP 95467,1.04,,2008
HD 181433,d,Radial Velocity,2172,3,0.48,0,,,,,,26.15,8.4,,,,HD 181433,HIP 95467,1.04,,2008
HD 181720,b,Radial Velocity,956,,,0,,,,,,55.93,7.849,,,,HD 181720,HIP 95262,0.585,,2009
HD 183263,b,Radial Velocity,634.23,1.52,0.38,0,,,,,,52.83,7.861,,,,HD 183263,HIP 95740,0.651,,2004
HD 183263,c,Radial Velocity,2950,4.25,0.253,0,,,,,,52.83,7.861,,,,HD 183263,HIP 95740,0.651,,2008
HD 185269,b,Radial Velocity,6.838,0.077,0.3,0,,,,,,47.37,6.669,,,,HD 185269,HIP 96507,0.598,,2006
HD 187085,b,Radial Velocity,986,2.05,0.47,0,,,,,,44.98,7.214,,,,HD 187085,HIP 97546,0.567,,2006
HD 187123,b,Radial Velocity,3.097,0.042,0.03,0,,,,,,47.92,7.832,,,,HD 187123,HIP 97336,0.656,,1998
HD 187123,c,Radial Velocity,3810,4.89,0.252,0,,,,,,47.92,7.832,,,,HD 187123,HIP 97336,0.656,,1998
HD 18742,b,Radial Velocity,772,1.92,0.23,0,,,,,,127.88,7.814,,,,HD 18742,HIP 13993,0.924,,2011
HD 188015,b,Radial Velocity,456.46,1.19,0.15,0,,,,,,52.63,8.234,,,,HD 188015,HIP 97769,0.721,,2004
HD 189567,b,Radial Velocity,14.275,0.1099,0.23,0,,,,,,17.72,6.07,,,,HD 189567,HIP 98959,0.64,,2011
HD 189733,b,Radial Velocity,2.21857578,0.03142,0,365.585,1.15,1.151,1.151,1.004,85.78,19.7,7.676,5040,0.84,0.75,HD 189733,HIP 98505,0.931,12.902,2005
HD 190228,b,Radial Velocity,1127,2.31,0.43,0,,,,,,62.11,7.296,,,,HD 190228,HIP 98714,0.799,,2002
HD 190360,b,Radial Velocity,2891,3.92,0.36,0,,,,,,15.89,5.7,,,,HD 190360,HIP 98767,0.72,,2003
HD 190360,c,Radial Velocity,17.1,0.128,0.01,0,,,,,,15.89,5.7,,,,HD 190360,HIP 98767,0.72,,2005
HD 190647,b,Radial Velocity,1038.1,2.07,0.18,0,,,,,,54.23,7.775,,,,HD 190647,HIP 99115,0.764,,2007
HD 190984,b,Radial Velocity,4885,,,0,,,,,,189.39,8.761,,,,HD 190984,HIP 99496,0.554,,2009
HD 192263,b,Radial Velocity,24.348,0.15,0,0,,,,,,19.89,7.768,,,,HD 192263,HIP 99711,0.957,,1999
HD 192310,b,Radial Velocity,74.72,0.32,0.13,0,,,,,,8.82,5.73,,,,HD 192310,HIP 99825,0.88,,2011
HD 192310,c,Radial Velocity,525.8,1.18,0.32,0,,,,,,8.82,5.73,,,,HD 192310,HIP 99825,0.88,,2011
HD 192699,b,Radial Velocity,351.5,1.16,0.149,0,,,,,,67.39,6.446,,,,HD 192699,HIP 99894,0.868,,2007
HD 195019,b,Radial Velocity,18.20163,0.1388,0.014,0,,,,,,37.35,6.892,,,,HD 195019,HIP 100970,0.664,,1998
HD 196050,b,Radial Velocity,1289,2.5,0.28,0,,,,,,46.93,7.493,,,,HD 196050,HIP 101806,0.669,,2002
HD 196067,b,Radial Velocity,4100,,0.63,2257.592282,7.10158,,,,,43.57,6.03,,,,HD 196067,HIP 102125,0.62,,2011
HD 196885,b,Radial Velocity,1333,2.37,0.48,0,,,,,,32.99,6.386,,,,HD 196885,HIP 101966,0.538,,2007
HD 197037,b,Radial Velocity,1035.7,2.07,0.22,0,,,,,,32.83,6.813,,,,HD 197037,HIP 101948,0.499,,2012
HD 19994,b,Radial Velocity,535.7,1.42,0.3,0,,,,,,22.38,5.06,,,,HD 19994,HIP 14954,0.57,,2003
HD 20003,b,Radial Velocity,11.849,0.0974,0.4,0,,,,,,43.08,8.367,,,,HD 20003,HIP 14530,0.774,,2011
HD 20003,c,Radial Velocity,33.823,0.1961,0.16,0,,,,,,43.08,8.367,,,,HD 20003,HIP 14530,0.774,,2011
HD 200964,b,Radial Velocity,630.6,1.71,0.111,0,,,,,,68.35,6.487,,,,HD 200964,HIP 104202,0.891,,2010
HD 200964,c,Radial Velocity,829,2.03,0.113,0,,,,,,68.35,6.487,,,,HD 200964,HIP 104202,0.891,,2010
HD 202206,b,Radial Velocity,255.87,0.83,0.435,0,,,,,,46.34,8.071,,,,HD 202206,HIP 104903,0.72,,2002
HD 202206,c,Radial Velocity,1383.4,2.55,0.267,0,,,,,,46.34,8.071,,,,HD 202206,HIP 104903,0.72,,2004
HD 20367,b,Radial Velocity,500,1.25,0.23,0,,,,,,27.13,6.399,,,,HD 20367,HIP 15323,0.563,,2002
HD 2039,b,Radial Velocity,1183,2.2,0.67,0,,,,,,89.85,8.987,,,,HD 2039,HIP 1931,0.662,,2002
HD 204313,b,Radial Velocity,1931,3.082,0.131,0,,,,,,47.3,8.02,,,,HD 204313,HIP 106006,0.677,,2009
HD 204313,c,Radial Velocity,34.873,0.2103,0.17,0,,,,,,47.3,8.02,,,,HD 204313,HIP 106006,0.677,,2011
HD 204941,b,Radial Velocity,1733,2.56,0.37,0,,,,,,26.95,8.42,,,,HD 204941,HIP 106353,0.919,,2011
HD 205739,b,Radial Velocity,279.8,0.896,0.27,0,,,,,,90.33,8.544,,,,HD 205739,HIP 106824,0.546,,2008
HD 206610,b,Radial Velocity,610,1.68,0.229,0,,,,,,170.07,8.346,,,,HD 206610,HIP 107251,1.032,,2010
HD 20781,b,Radial Velocity,29.15,0.169,0.11,0,,,,,,35.89,8.443,,,,HD 20781,HIP 15526,0.82,,2011
HD 20781,c,Radial Velocity,85.131,0.3456,0.28,0,,,,,,35.89,8.443,,,,HD 20781,HIP 15526,0.82,,2011
HD 20782,b,Radial Velocity,591.9,1.381,0.97,0,,,,,,36.02,7.367,,,,HD 20782,HIP 15527,0.633,,2006
HD 207832,b,Radial Velocity,161.97,0.57,0.13,178.024,0.56,,,,,54.4,8.786,5710,0.94,0.9,HD 207832,HIP 107985,0.694,,2012
HD 207832,c,Radial Velocity,1155.7,2.112,0.27,232.067,0.73,,,,,54.4,8.786,5710,0.94,0.9,HD 207832,HIP 107985,0.694,,2012
HD 20794,b,Radial Velocity,18.315,0.1207,0,0,,,,,,6.06,4.27,,,,HD 20794,HIP 15510,0.71,,2011
HD 20794,c,Radial Velocity,40.114,0.2036,0,0,,,,,,6.06,4.27,,,,HD 20794,HIP 15510,0.71,,2011
HD 20794,d,Radial Velocity,90.309,0.3499,0,0,,,,,,6.06,4.27,,,,HD 20794,HIP 15510,0.71,,2011
HD 208487,b,Radial Velocity,123,0.49,0.32,0,,,,,,43.99,7.471,,,,HD 208487,HIP 108375,0.552,,2004
HD 20868,b,Radial Velocity,380.85,0.947,0.75,0,,,,,,44.5,9.928,,,,HD 20868,HIP 15578,1.14,,2008
HD 209458,b,Radial Velocity,3.52474859,0.04747,0,226.9806,0.714,1.38,1.38,0.362,86.59,47.4,7.632,6065,1.15,1.16,HD 209458,HIP 108859,0.579,15.468,1999
HD 210277,b,Radial Velocity,442.1,1.1,0.472,0,,,,,,21.29,6.53,,,,HD 210277,HIP 109378,0.75,,1998
HD 210702,b,Radial Velocity,354.8,1.2,0.094,604.01,1.9,,,,,55.9,5.95,4967,1.68,5.1,HD 210702,HIP 109577,0.95,,2007
HD 212301,b,Radial Velocity,2.445715,0.036,0,0,,,,,,52.72,7.764,,,,HD 212301,HIP 110852,0.55,,2005
HD 212771,b,Radial Velocity,373.3,1.22,0.111,0,,,,,,121.8,7.596,,,,HD 212771,HIP 110813,0.883,,2010
HD 213240,b,Radial Velocity,951,2.03,0.45,0,,,,,,40.75,6.814,,,,HD 213240,HIP 111143,0.611,,2001
HD 215152,b,Radial Velocity,7.2825,0.0652,0.34,0,,,,,,21.52,8.13,,,,HD 215152,HIP 112190,0.99,,2011
HD 215152,c,Radial Velocity,10.866,0.0852,0.38,0,,,,,,21.52,8.13,,,,HD 215152,HIP 112190,0.99,,2011
HD 215456,b,Radial Velocity,191.99,0.652,0.15,0,,,,,,38.64,6.629,,,,HD 215456,HIP 112414,0.636,,2011
HD 215456,c,Radial Velocity,2277,3.394,0.19,0,,,,,,38.64,6.629,,,,HD 215456,HIP 112414,0.636,,2011
HD 215497,b,Radial Velocity,3.93,,,0,,,,,,43.53,8.95,,,,HD 215497,HIP 112441,0.968,,2009
HD 215497,c,Radial Velocity,567,,,0,,,,,,43.53,8.95,,,,HD 215497,HIP 112441,0.968,,2009
HD 216435,b,Radial Velocity,1311,2.56,0.07,0,,,,,,33.29,6.04,,,,HD 216435,HIP 113044,0.62,,2002
HD 216437,b,Radial Velocity,1294,2.7,0.34,0,,,,,,26.52,6.05,,,,HD 216437,HIP 113137,0.66,,2002
HD 216770,b,Radial Velocity,118.45,0.46,0.37,0,,,,,,37.89,8.094,,,,HD 216770,HIP 113238,0.847,,2003
HD 21693,b,Radial Velocity,22.656,0.1484,0.26,0,,,,,,32.31,7.94,,,,HD 21693,HIP 16085,0.775,,2011
HD 21693,c,Radial Velocity,53.881,0.2644,0.24,0,,,,,,32.31,7.94,,,,HD 21693,HIP 16085,0.775,,2011
HD 217107,b,Radial Velocity,7.12689,0.073,0.132,0,,,,,,19.72,6.16,,,,HD 217107,HIP 113421,0.74,,1998
HD 217107,c,Radial Velocity,4210,5.27,0.517,0,,,,,,19.72,6.16,,,,HD 217107,HIP 113421,0.74,,1998
HD 217786,b,Radial Velocity,1319,2.38,0.4,0,,,,,,54.92,7.779,,,,HD 217786,HIP 113834,0.582,,2010
HD 218566,b,Radial Velocity,225.7,0.6873,0.3,0,,,,,,29.94,8.628,,,,HD 218566,HIP 114322,1.013,,2010
HD 219415,b,Radial Velocity,2093.3,3.2,0.4,317.9,1,,,,,,,4820,1,2.9,HD 219415,,,,2012
HD 219449,b,Radial Velocity,182,0.3,,0,,,,,,45.52,4.25,,,,HD 219449,HIP 114855,1.11,,2003
HD 219828,b,Radial Velocity,3.8335,0.052,0,0,,,,,,81.1,8.008,,,,HD 219828,HIP 115100,0.668,,2007
HD 220689,b,Radial Velocity,2191,,0.2,377.099338,1.18622,,,,,45.23,7.758,,,,HD 220689,HIP 115662,0.598,,2011
HD 220773,b,Radial Velocity,3724.7,4.94,0.51,0,,,,,,48.43,7.096,,,,HD 220773,HIP 115697,0.613,,2012
HD 221287,b,Radial Velocity,456.1,1.25,0.08,0,,,,,,52.88,7.807,,,,HD 221287,HIP 116084,0.505,,2007
HD 222582,b,Radial Velocity,572.38,1.35,0.725,0,,,,,,41.95,7.691,,,,HD 222582,HIP 116906,0.648,,1999
HD 224693,b,Radial Velocity,26.73,0.233,0.05,0,,,,,,94.07,8.216,,,,HD 224693,HIP 118319,0.656,,2006
HD 22781,b,Radial Velocity,528.07,1.167,0.8191,0,,,,,,31.79,8.766,,,,HD 22781,HIP 17187,0.861,,2011
HD 23079,b,Radial Velocity,738.459,1.65,0.1,0,,,,,,34.6,7.105,,,,HD 23079,HIP 17096,0.58,,2001
HD 23127,b,Radial Velocity,1214,2.4,0.44,0,,,,,,89.13,8.55,,,,HD 23127,HIP 17054,0.707,,2007
HD 231701,b,Radial Velocity,141.6,0.53,0.1,0,,,,,,108.46,8.97,,,,HD 231701,HIP 96078,0.517,,2007
HD 23596,b,Radial Velocity,1558,2.72,0.314,0,,,,,,51.97,7.244,,,,HD 23596,HIP 17747,0.608,,2002
HD 240210,b,Radial Velocity,501.75,1.33,0.15,0,,,,,,,,,,,HD 240210,,,,2009
HD 240237,b,Radial Velocity,745.7,1.9,0.4,0,,,,,,307.69,,,,,HD 240237,HIP 114840,,,2010
HD 25171,b,Radial Velocity,1845,3.02,0.08,0,,,,,,56.05,7.778,,,,HD 25171,HIP 18387,0.517,,2010
HD 2638,b,Radial Velocity,3.4442,0.044,0,0,,,,,,53.71,9.375,,,,HD 2638,HIP 2350,0.955,,2005
HD 27442,b,Radial Velocity,423.841,1.18,0.07,0,,,,,,18.24,4.44,,,,HD 27442,HIP 19921,1.08,,2000
HD 27631,b,Radial Velocity,2220,,0.17,540.442716,1.70004,,,,,44.54,8.243,,,,HD 27631,HIP 20199,0.672,,2011
HD 27894,b,Radial Velocity,17.991,0.122,0.049,0,,,,,,42.37,9.349,,,,HD 27894,HIP 20277,1.042,,2005
HD 28185,b,Radial Velocity,383,1.03,0.07,0,,,,,,39.56,7.81,,,,HD 28185,HIP 20723,0.715,,2001
HD 28254,b,Radial Velocity,1117,,,0,,,,,,56.18,7.684,,,,HD 28254,HIP 20606,0.756,,2009
HD 285968,b,Radial Velocity,8.7836,0.066,0,0,,,,,,9.42,9.98,,,,,HIP 21932,1.53,,2007
HD 28678,b,Radial Velocity,387.1,1.24,0.168,0,,,,,,168.92,8.44,,,,HD 28678,HIP 21109,0.994,,2011
HD 290327,b,Radial Velocity,2443,,,0,,,,,,54.92,8.944,,,,,HIP 25191,0.788,,2009
HD 30177,b,Radial Velocity,2819.654,3.86,0.3,0,,,,,,54.71,8.374,,,,HD 30177,HIP 21850,0.807,,2002
HD 30562,b,Radial Velocity,1157,2.3,0.76,0,,,,,,26.5,5.78,,,,HD 30562,HIP 22336,0.62,,2009
HD 30856,b,Radial Velocity,912,2,0.24,0,,,,,,121.07,7.911,,,,HD 30856,HIP 22491,0.959,,2011
HD 31253,b,Radial Velocity,466,1.26,0.3,0,,,,,,53.82,7.133,,,,HD 31253,HIP 22826,0.58,,2010
HD 31527,b,Radial Velocity,16.546,0.1253,0.13,0,,,,,,38.01,7.484,,,,HD 31527,HIP 22905,0.588,,2011
HD 31527,c,Radial Velocity,51.284,0.2665,0.11,0,,,,,,38.01,7.484,,,,HD 31527,HIP 22905,0.588,,2011
HD 31527,d,Radial Velocity,274.49,0.8181,0.38,0,,,,,,38.01,7.484,,,,HD 31527,HIP 22905,0.588,,2011
HD 32518,b,Radial Velocity,157.54,0.59,0.01,0,,,,,,117.37,6.421,,,,HD 32518,HIP 24003,1.109,,2009
HD 330075,b,Radial Velocity,3.369,0.043,0,0,,,,,,50.2,9.334,,,,,HIP 77517,0.898,,2004
HD 33142,b,Radial Velocity,326.6,1.06,0.22,0,,,,,,136.8,7.956,,,,HD 33142,HIP 23844,0.948,,2011
HD 33283,b,Radial Velocity,18.179,0.168,0.48,0,,,,,,86.88,8.051,,,,HD 33283,HIP 23889,0.624,,2006
HD 33564,b,Radial Velocity,388,1.1,0.34,0,,,,,,20.98,5.084,,,,HD 33564,HIP 25110,0.48,,2005
HD 34445,b,Radial Velocity,1049,2.07,0.27,0,,,,,,45.01,7.328,,,,HD 34445,HIP 24681,0.641,,2010
HD 3651,b,Radial Velocity,62.218,0.295,0.596,0,,,,,,11.11,5.86,,,,HD 3651,HIP 3093,0.85,,2003
HD 37124,b,Radial Velocity,154.46,0.53,0.055,0,,,,,,33.24,7.65,,,,HD 37124,HIP 26381,0.694,,1999
HD 37124,c,Radial Velocity,2295,3.19,0.2,0,,,,,,33.24,7.65,,,,HD 37124,HIP 26381,0.694,,2003
HD 37124,d,Radial Velocity,843.6,1.64,0.14,0,,,,,,33.24,7.65,,,,HD 37124,HIP 26381,0.694,,2005
HD 37605,b,Radial Velocity,55,0.25,0.677,0,,,,,,42.88,8.661,,,,HD 37605,HIP 26664,0.862,,2004
HD 38283,b,Radial Velocity,363.2,1.02,0.41,108.086,0.34,,,,,37.78,6.696,,,,HD 38283,HIP 26380,0.564,,2011
HD 38529,b,Radial Velocity,14.309,0.129,0.29,0,,,,,,42.43,5.95,,,,HD 38529,HIP 27253,0.78,,2000
HD 38529,c,Radial Velocity,2174.3,3.68,0.36,0,,,,,,42.43,5.95,,,,HD 38529,HIP 27253,0.78,,2002
HD 38801,b,Radial Velocity,696.3,1.7,0,0,,,,,,99.4,8.269,,,,HD 38801,HIP 27384,0.874,,2010
HD 38858,b,Radial Velocity,407.15,1.0376,0.27,0,,,,,,15.56,5.97,,,,HD 38858,HIP 27435,0.64,,2011
HD 39091,b,Radial Velocity,2063.818,3.29,0.62,0,,,,,,18.21,5.65,,,,HD 39091,HIP 26394,0.6,,2001
HD 39194,b,Radial Velocity,5.6363,0.0519,0.2,0,,,,,,25.59,8.075,,,,HD 39194,HIP 27080,0.76,,2011
HD 39194,c,Radial Velocity,14.025,0.0954,0.11,0,,,,,,25.59,8.075,,,,HD 39194,HIP 27080,0.76,,2011
HD 39194,d,Radial Velocity,33.941,0.172,0.2,0,,,,,,25.59,8.075,,,,HD 39194,HIP 27080,0.76,,2011
HD 40307,b,Radial Velocity,4.3115,0.047,0,0,,,,,,12.83,7.15,,,,HD 40307,HIP 27887,0.959,,2008
HD 40307,c,Radial Velocity,9.62,0.081,0,0,,,,,,12.83,7.15,,,,HD 40307,HIP 27887,0.959,,2008
HD 40307,d,Radial Velocity,20.46,0.134,0,0,,,,,,12.83,7.15,,,,HD 40307,HIP 27887,0.959,,2008
HD 40979,b,Radial Velocity,267.2,0.811,0.23,0,,,,,,33.33,6.735,,,,HD 40979,HIP 28767,0.557,,2002
HD 41004A,b,Radial Velocity,963,1.64,0.39,0,,,,,,43.03,8.621,,,,HD 41004A,HIP 28393A,0.864,,2004
HD 41004B,b,Radial Velocity,1.3283,0.0177,0.081,0,,,,,,43.03,,,,,HD 41004B,HIP 28393B,,,2004
HD 4113,b,Radial Velocity,526.62,1.28,0.903,0,,,,,,44.05,7.881,,,,HD 4113,HIP 3391,0.726,,2007
HD 4203,b,Radial Velocity,431.88,1.164,0.519,0,,,,,,77.82,8.687,,,,HD 4203,HIP 3502,0.758,,2001
HD 4208,b,Radial Velocity,829,1.7,0.04,0,,,,,,32.7,7.783,,,,HD 4208,HIP 3479,0.678,,2001
HD 4308,b,Radial Velocity,15.609,0.118,0.27,0,,,,,,21.85,6.56,,,,HD 4308,HIP 3497,0.65,,2005
HD 4313,b,Radial Velocity,356,1.19,0.041,0,,,,,,131.41,7.822,,,,HD 4313,HIP 3574,0.964,,2010
HD 43197,b,Radial Velocity,327.8,,,0,,,,,,54.94,8.953,,,,HD 43197,HIP 29550,0.834,,2009
HD 43691,b,Radial Velocity,36.96,0.24,0.14,0,,,,,,93.2,8.024,,,,HD 43691,HIP 30057,0.568,,2007
HD 43848,b,Radial Velocity,2371,3.4,0.69,0,,,,,,37.05,8.595,,,,HD 43848,HIP 29804,0.964,,2008
HD 44219,b,Radial Velocity,472,,,0,,,,,,50.43,7.698,,,,HD 44219,HIP 30114,0.661,,2009
HD 45184,b,Radial Velocity,5.8872,0.0638,0.3,0,,,,,,22.04,6.39,,,,HD 45184,HIP 30503,0.62,,2011
HD 45350,b,Radial Velocity,890.76,1.92,0.778,0,,,,,,48.95,7.885,,,,HD 45350,HIP 30860,0.745,,2004
HD 45364,b,Radial Velocity,226.93,0.6813,0.1684,0,,,,,,32.58,8.062,,,,HD 45364,HIP 30579,0.753,,2009
HD 45364,c,Radial Velocity,342.85,0.8972,0.0974,0,,,,,,32.58,8.062,,,,HD 45364,HIP 30579,0.753,,2009
HD 45652,b,Radial Velocity,43.6,0.23,0.38,0,,,,,,36.14,8.127,,,,HD 45652,HIP 30905,0.836,,2008
HD 46375,b,Radial Velocity,3.024,0.041,0.04,0,,,,,,33.41,7.912,,,,HD 46375,HIP 31246,0.884,,2000
HD 47186,b,Radial Velocity,4.0845,0.05,0.038,0,,,,,,37.84,7.626,,,,HD 47186,HIP 31540,0.733,,2008
HD 47186,c,Radial Velocity,1353.6,2.395,0.249,0,,,,,,37.84,7.626,,,,HD 47186,HIP 31540,0.733,,2008
HD 47536,b,Radial Velocity,430,,0.2,0,,,,,,121.36,5.28,,,,HD 47536,HIP 31688,1.18,,2003
HD 47536,c,Radial Velocity,2500,,,0,,,,,,121.36,5.28,,,,HD 47536,HIP 31688,1.18,,2007
HD 48265,b,Radial Velocity,700,1.51,0.18,0,,,,,,87.41,8.032,,,,HD 48265,HIP 31895,0.75,,2008
HD 49674,b,Radial Velocity,4.9437,0.058,0.23,0,,,,,,40.73,8.097,,,,HD 49674,HIP 32916,0.73,,2002
HD 50499,b,Radial Velocity,2582.7,3.86,0.23,0,,,,,,47.26,7.195,,,,HD 50499,HIP 32970,0.621,,2005
HD 50554,b,Radial Velocity,1279,2.38,0.42,0,,,,,,31.03,6.844,,,,HD 50554,HIP 33212,0.568,,2002
HD 51608,b,Radial Velocity,14.07,0.1059,0.15,0,,,,,,34.07,8.155,,,,HD 51608,HIP 33229,0.78,,2011
HD 51608,c,Radial Velocity,95.415,0.3791,0.41,0,,,,,,34.07,8.155,,,,HD 51608,HIP 33229,0.78,,2011
HD 52265,b,Radial Velocity,118.96,0.49,0.29,0,,,,,,28.07,6.3,,,,HD 52265,HIP 33719,0.57,,2000
HD 5319,b,Radial Velocity,675,1.75,0.12,0,,,,,,100,8.047,,,,HD 5319,HIP 4297,1.014,,2007
HD 5388,b,Radial Velocity,777,,,0,,,,,,53.28,6.722,,,,HD 5388,HIP 4311,0.488,,2009
HD 5608,b,Radial Velocity,792.6,1.9,0.19,445.06,1.4,,,,,58.2,5.98,4854,1.55,5.5,HD 5608,HIP 4552,1.016,,2012
HD 5891,b,Radial Velocity,177.11,0.76,0.066,0,,,,,,150.6,8.114,,,,HD 5891,HIP 4715,0.999,,2011
HD 59686,b,Radial Velocity,303,0.911,0,0,,,,,,92.51,5.442,,,,HD 59686,HIP 36616,1.133,,2003
HD 60532,b,Radial Velocity,201.83,0.77,0.278,0,,,,,20,25.7,4.45,,,,HD 60532,HIP 36795,0.51,,2008
HD 60532,c,Radial Velocity,607.06,1.58,0.038,0,,,,,20,25.7,4.45,,,,HD 60532,HIP 36795,0.51,,2008
HD 62509,b,Radial Velocity,589.64,1.69,0.02,0,,,,,,10.34,1.14,,,,HD 62509,HIP 37826,1,,2006
HD 63454,b,Radial Velocity,2.817822,0.036,0,0,,,,,,35.8,9.362,,,,HD 63454,HIP 37284,1.06,,2005
HD 63765,b,Radial Velocity,358,0.94,0.24,0,,,,,,32.62,8.104,,,,HD 63765,HIP 38041,0.744,,2009
HD 6434,b,Radial Velocity,22.09,0.15,0.3,0,,,,,,40.32,7.73,,,,HD 6434,HIP 5054,0.601,,2000
HD 65216,b,Radial Velocity,613.1,1.37,0.41,0,,,,,,35.59,7.964,,,,HD 65216,HIP 38558,0.69,,2003
HD 65216,c,Radial Velocity,5542,,0.15,712.188191,2.24029,,,,,35.59,7.964,,,,HD 65216,HIP 38558,0.69,,2011
HD 66428,b,Radial Velocity,1973,3.18,0.465,0,,,,,,55.04,8.258,,,,HD 66428,HIP 39417,0.709,,2006
HD 6718,b,Radial Velocity,2496,,,0,,,,,,55.01,8.45,,,,HD 6718,HIP 5301,0.638,,2009
HD 68988,b,Radial Velocity,6.276,0.071,0.14,0,,,,,,58.82,8.188,,,,HD 68988,HIP 40687,0.65,,2001
HD 69830,b,Radial Velocity,8.667,0.0785,0.1,0,,,,,,12.58,6,,,,HD 69830,HIP 40693,0.76,,2006
HD 69830,c,Radial Velocity,31.56,0.186,0.13,0,,,,,,12.58,6,,,,HD 69830,HIP 40693,0.76,,2006
HD 69830,d,Radial Velocity,197,0.63,0.07,0,,,,,,12.58,6,,,,HD 69830,HIP 40693,0.76,,2006
HD 70573,b,Radial Velocity,851.8,1.76,0.4,0,,,,,,,11.424,,,,HD 70573,,0.928,,2007
HD 70642,b,Radial Velocity,2231,3.3,0.1,0,,,,,,28.76,7.18,,,,HD 70642,HIP 40952,0.71,,2003
HD 7199,b,Radial Velocity,615,1.36,0.19,0,,,,,,35.88,8.027,,,,HD 7199,HIP 5529,0.865,,2011
HD 72659,b,Radial Velocity,3177.4,4.16,0.2,0,,,,,,51.36,7.465,,,,HD 72659,HIP 42030,0.611,,2002
HD 73256,b,Radial Velocity,2.54858,0.037,0.03,0,,,,,,36.52,8.059,,,,HD 73256,HIP 42214,0.783,,2003
HD 73267,b,Radial Velocity,1260,2.198,0.256,0,,,,,,53.05,8.87,,,,HD 73267,HIP 42202,0.792,,2008
HD 73526,b,Radial Velocity,188.3,0.66,0.19,0,,,,,,94.61,8.971,,,,HD 73526,HIP 42282,0.733,,2002
HD 73526,c,Radial Velocity,377.8,1.05,0.14,0,,,,,,94.61,8.971,,,,HD 73526,HIP 42282,0.733,,2006
HD 73534,b,Radial Velocity,1800,3.15,0.046,0,,,,,,96.99,8.237,,,,HD 73534,HIP 42446,0.976,,2009
HD 74156,b,Radial Velocity,51.65,0.294,0.64,0,,,,,,64.56,7.614,,,,HD 74156,HIP 42723,0.581,,2003
HD 74156,c,Radial Velocity,2476,3.85,0.43,0,,,,,,64.56,7.614,,,,HD 74156,HIP 42723,0.581,,2003
HD 74156,d,Radial Velocity,346.6,1.01,0.25,0,,,,,,64.56,7.614,,,,HD 74156,HIP 42723,0.581,,2007
HD 7449,b,Radial Velocity,1275,2.3,0.82,0,,,,,,38.52,7.483,,,,HD 7449,HIP 5806,0.594,,2011
HD 7449,c,Radial Velocity,4046,4.96,0.53,0,,,,,,38.52,7.483,,,,HD 7449,HIP 5806,0.594,,2011
HD 75289,b,Radial Velocity,3.51,0.046,0.054,0,,,,,,28.94,6.37,,,,HD 75289,HIP 43177,0.58,,1999
HD 75898,b,Radial Velocity,418.2,1.19,0.1,0,,,,,,80.58,8.033,,,,HD 75898,HIP 43674,0.634,,2007
HD 76700,b,Radial Velocity,3.971,0.049,0.13,0,,,,,,59.7,8.155,,,,HD 76700,HIP 43686,0.722,,2002
HD 77338,b,Radial Velocity,5.7361,0.0614,0.09,15.895,0.05,,,,,40.75,8.591,5370,0.93,0.88,HD 77338,HIP 44291,0.876,,2012
HD 7924,b,Radial Velocity,5.3978,0.057,0.17,0,,,,,,16.82,7.167,,,,HD 7924,HIP 6379,0.85,,2009
HD 79498,b,Radial Velocity,1966.1,3.13,0.59,0,,,,,,48.64,8.02,,,,HD 79498,HIP 45406,0.707,,2012
HD 80606,b,Radial Velocity,111.4357,0.449,0.9332,1252.526,3.94,0.98,0.98,4.828,89.32,58.4,9.001,5645,0.97,0.98,HD 80606,HIP 45982,0.778,10.985,2003
HD 81040,b,Radial Velocity,1001.7,1.94,0.526,0,,,,,,32.56,7.716,,,,HD 81040,HIP 46076,0.663,,2005
HD 81688,b,Radial Velocity,184.02,0.81,0,0,,,,,,88.26,5.393,,,,HD 81688,HIP 46471,0.996,,2008
HD 82886,b,Radial Velocity,705,1.65,0.27,0,,,,,,112.23,7.625,,,,HD 82886,HIP 47087,0.868,,2011
HD 82943,b,Radial Velocity,441.2,1.18,0.219,0,,,,,,27.46,6.53,,,,HD 82943,HIP 47007,0.637,,2003
HD 82943,c,Radial Velocity,219.3,0.747,0.359,0,,,,,,27.46,6.53,,,,HD 82943,HIP 47007,0.637,,2003
HD 83443,b,Radial Velocity,2.985625,0.0406,0.008,0,,,,,,43.53,8.222,,,,HD 83443,HIP 47202,0.831,,2002
HD 8535,b,Radial Velocity,1313,,,0,,,,,,56.34,7.686,,,,HD 8535,HIP 6511,0.565,,2009
HD 85390,b,Radial Velocity,781,,,0,,,,,,33.96,8.526,,,,HD 85390,HIP 48235,0.846,,2009
HD 85512,b,Radial Velocity,58.43,0.26,0.11,0,,,,,,11.15,7.67,,,,HD 85512,HIP 48331,1.19,,2011
HD 8574,b,Radial Velocity,227,0.757,0.297,0,,,,,,44.15,7.112,,,,HD 8574,HIP 6643,0.574,,2003
HD 86081,b,Radial Velocity,2.1375,0.039,0.008,0,,,,,,91.16,8.701,,,,HD 86081,HIP 48711,0.641,,2006
HD 86226,b,Radial Velocity,1534,2.6,0.73,0,,,,,,42.48,7.932,,,,HD 86226,HIP 48739,0.632,,2010
HD 86264,b,Radial Velocity,1475,2.86,0.7,0,,,,,,72.57,7.407,,,,HD 86264,HIP 48780,0.511,,2009
HD 8673,b,Radial Velocity,1634,3.02,0.723,0,,,,,,38.26,6.341,,,,HD 8673,HIP 6702,0.474,,2010
HD 87883,b,Radial Velocity,2754,3.6,0.53,0,,,,,,18.06,7.551,,,,HD 87883,HIP 49699,0.988,,2009
HD 88133,b,Radial Velocity,3.416,0.047,0.133,0,,,,,,74.46,8.001,,,,HD 88133,HIP 49813,0.836,,2004
HD 89307,b,Radial Velocity,2157,3.27,0.241,0,,,,,,30.88,7.009,,,,HD 89307,HIP 50473,0.59,,2004
HD 89744,b,Radial Velocity,256.605,0.89,0.67,0,,,,,,38.99,5.72,,,,HD 89744,HIP 50786,0.529,,2000
HD 90156,b,Radial Velocity,49.8,,,0,,,,,,22.09,6.932,,,,HD 90156,HIP 50921,0.663,,2009
HD 92788,b,Radial Velocity,325.81,0.97,0.334,0,,,,,,32.32,7.3,,,,HD 92788,HIP 52409,0.712,,2000
HD 93083,b,Radial Velocity,143.58,0.477,0.14,0,,,,,,28.9,8.318,,,,HD 93083,HIP 52521,0.955,,2005
HD 93385,b,Radial Velocity,13.186,0.1116,0.15,0,,,,,,42.52,7.486,,,,HD 93385,HIP 52676,0.6,,2011
HD 93385,c,Radial Velocity,46.025,0.257,0.24,0,,,,,,42.52,7.486,,,,HD 93385,HIP 52676,0.6,,2011
HD 9446,b,Radial Velocity,30.052,0.189,0.2,0,,,,,,52.85,8.369,,,,HD 9446,HIP 7245,0.64,,2010
HD 9446,c,Radial Velocity,192.9,0.654,0.06,0,,,,,,52.85,8.369,,,,HD 9446,HIP 7245,0.64,,2010
HD 95089,b,Radial Velocity,507,1.51,0.157,0,,,,,,149.03,7.946,,,,HD 95089,HIP 53666,0.949,,2010
HD 96063,b,Radial Velocity,361.1,0.99,0.28,0,,,,,,132.8,8.254,,,,HD 96063,HIP 54158,0.838,,2011
HD 96127,b,Radial Velocity,647.3,1.4,0.3,0,,,,,,221.24,7.407,,,,HD 96127,HIP 54232,1.517,,2011
HD 96167,b,Radial Velocity,498.9,1.3,0.71,0,,,,,,84.03,8.08,,,,HD 96167,HIP 54195,0.739,,2009
HD 96700,b,Radial Velocity,8.1256,0.0774,0.1,0,,,,,,26.21,6.54,,,,HD 96700,HIP 54400,0.6,,2011
HD 96700,c,Radial Velocity,103.49,0.422,0.37,0,,,,,,26.21,6.54,,,,HD 96700,HIP 54400,0.6,,2011
HD 97658,b,Radial Velocity,9.494,0.0831,,0,,,,,,21.3,7.762,,,,HD 97658,HIP 54906,0.843,,2010
HD 98219,b,Radial Velocity,436.9,1.23,0.21,0,,,,,,150.38,8.033,,,,HD 98219,HIP 55174,0.958,,2011
HD 98649,b,Radial Velocity,10400,,0.86,2225.582931,7.00089,,,,,42.77,7.991,,,,HD 98649,HIP 55409,0.656,,2011
HD 99109,b,Radial Velocity,439.3,1.105,0.09,0,,,,,,60.46,9.061,,,,HD 99109,HIP 55664,0.894,,2006
HD 99492,b,Radial Velocity,17.054,0.12186,0.13,0,,,,,,17.99,6.14,,,,HD 99492,HIP 55848,0.8,,2004
HD 99492,c,Radial Velocity,4970,5.4,0.1,0,,,,,,17.99,6.14,,,,HD 99492,HIP 55848,0.8,,2010
HD 99706,b,Radial Velocity,868,2.14,0.365,0,,,,,,130.89,7.637,,,,HD 99706,HIP 55994,1.008,,2011
HIP 11952,b,Radial Velocity,290,0.81,0.27,931.447,2.93,,,,,115.3,9.854,5960,0.83,1.6,HD 16031,HIP 11952,0.324,,2012
HIP 11952,c,Radial Velocity,6.95,0.07,0.35,247.962,0.78,,,,,115.3,9.854,5960,0.83,1.6,HD 16031,HIP 11952,0.324,,2012
HIP 12961,b,Radial Velocity,57,,,0,,,,,,23.8,10.294,,,,,HIP 12961,1.399,,2009
HIP 13044,b,Radial Velocity,16.2,0.116,0.25,0,,,,,,223.21,9.982,,,,,HIP 13044,0.443,,2010
HIP 14810,b,Radial Velocity,6.673855,0.0692,0.1427,0,,,,,,52.88,8.5,,,,,HIP 14810,0.757,,2006
HIP 14810,c,Radial Velocity,147.73,0.545,0.164,0,,,,,,52.88,8.5,,,,,HIP 14810,0.757,,2006
HIP 14810,d,Radial Velocity,952,1.89,0.173,0,,,,,,52.88,8.5,,,,,HIP 14810,0.757,,2009
HIP 34693,b,Radial Velocity,305,,,5753.99,18.1,,,,,92.51,4.42,,,,HD 54719,HIP 34693,1.26,,2004
HIP 5158,b,Radial Velocity,345.72,0.89,0.52,0,,,,,,44.8,10.167,,,,,HIP 5158,1.106,,2009
HIP 5158,c,Radial Velocity,9017.8,7.7,0.14,4781.216,15.04,,,,,44.8,10.167,,,,,HIP 5158,1.106,,2011
HIP 57050,b,Radial Velocity,41.397,0.163506,0.314,0,,,,,,11.03,11.92,,,,,HIP 57050,1.52,,2010
HIP 57274,b,Radial Velocity,8.1352,0.07,0.187,0,,,,,,25.87,8.984,,,,,HIP 57274,1.122,,2011
HIP 57274,c,Radial Velocity,32.03,0.178,0.05,0,,,,,,25.87,8.984,,,,,HIP 57274,1.122,,2011
HIP 57274,d,Radial Velocity,431.7,1.01,0.27,0,,,,,,25.87,8.984,,,,,HIP 57274,1.122,,2011
HIP 63510,c,Imaging,,1168,,1998.115944,6.28536,1.22,1.22,,,11.43,9.72,,,,,HIP 63510,1.48,13.675,2010
HIP 70849,b,Radial Velocity,3000,,,0,,,,,,23.98,10.38,,,,,HIP 70849,1.41,,2009
HIP 75458,b,Radial Velocity,511.098,1.275,0.7124,0,,,,,,31.33,3.29,,,,HD 137759,HIP 75458,1.16,,2002
HIP 78530,b,Imaging,,,,7324.416,23.04,,,,,131.93,7.192,,,,HD 143567,HIP 78530,0.078,,2011
HIP 79431,b,Radial Velocity,111.7,0.36,0.29,0,,,,,,14.9,,,,,,HIP 79431,,,2010
HN Peg,b,Imaging,,773,,6993.38673,21.9987,1.051,1.051,,,18.39,5.95,,,,HD 206860,HIP 107350,0.584,11.777,2007
HR 810,b,Radial Velocity,311.288,0.91,0.24,0,,,,,,17.24,5.41,,,,HD 17051,HIP 12653,0.56,,1999
HR 8799,b,Imaging,170000,68,,2225.3,7,1.2,1.2,,,39.94,5.953,,,,HD 218396,HIP 114189,0.254,13,2008
HR 8799,c,Imaging,69000,38,,3179,10,1.2,1.2,,,39.94,5.953,,,,HD 218396,HIP 114189,0.254,13,2008
HR 8799,d,Imaging,37000,24,,3179,10,1.2,1.2,,,39.94,5.953,,,,HD 218396,HIP 114189,0.254,13,2008
HR 8799,e,Imaging,18000,14.5,,0,,,,,,39.94,5.953,,,,HD 218396,HIP 114189,0.254,,2010
HW Vir,b,Eclipse Timing Variations,5767,,,6103.68,19.2,,,,,130.72,,,,,,HIP 62157,,,2008
HW Vir,c,Eclipse Timing Variations,3321,,,2702.15,8.5,,,,,130.72,,,,,,HIP 62157,,,2008
KELT-1,b,Transit,1.217514,0.02466,0.0099,8656.417,27.23,1.11,1.11,24.7,87.8,262,,6518,1.32,1.46,,,,12.442,2012
KELT-2A,b,Transit,4.1137912,0.05496,0,483.8438,1.522,1.286,1.286,,88.6,128.5,8.713,6151,1.31,1.83,HD 42176,HIP 29301,0.516,14.415,2012
KOI-13,b,Transit,1.7635892,,,0,,1.445,1.445,,85.9,,,8511,2.05,1.76,,,,16.197,2011
KOI-1725,b,Transit,9.8844,0.0751,0,0,,0.236,0.236,,88.42,,,4240,0.58,0.55,,,,2.65,2011
KOI-1727,b,Transit,49.76971,0.2672,0,0,,0.718,0.718,,89.2,,,5619,1.03,1.27,,,,8.05,2011
KOI-55,b,Transit,0.240104,0.006,,0.44506,0.0014,0.068,0.068,,65,1180,,27730,0.5,0.2,,,,0.759,2011
KOI-55,c,Transit,0.342887,0.0076,,0.66759,0.0021,0.077,0.077,,65,1180,,27730,0.5,0.2,,,,0.867,2011
Kepler-10,b,Transit,0.837495,0.01684,0,4.4506,0.014,0.126,0.126,8.8,84.4,,,5627,,1,,,,1.416,2011
Kepler-10,c,Transit,42.29485,0.2407,0,20.0277,0.063,0.199,0.199,10,89.65,,,5627,,1,,,,2.227,2011
Kepler-11,b,Transit,10.30375,0.091,0,4.4506,0.014,0.176,0.176,3.1,88.5,,,5685,,1.06,,,,1.97,2011
Kepler-11,c,Transit,13.02502,0.106,0,13.3518,0.042,0.281,0.281,2.3,89,,,5685,,1.06,,,,3.15,2011
Kepler-11,d,Transit,22.68719,0.159,0,6.0401,0.019,0.306,0.306,0.9,89.3,,,5685,,1.06,,,,3.43,2011
Kepler-11,e,Transit,31.9959,0.194,0,8.2654,0.026,0.404,0.404,0.5,88.8,,,5685,,1.06,,,,4.52,2011
Kepler-11,f,Transit,46.68876,0.25,0,2.2253,0.007,0.233,0.233,0.7,89.4,,,5685,,1.06,,,,2.61,2011
Kepler-11,g,Transit,118.37774,0.462,0,300.0976,0.944,0.327,0.327,,89.8,,,5685,,1.06,,,,3.66,2011
Kepler-12,b,Transit,4.4379637,0.0556,0.01,137.0149,0.431,1.695,1.695,0.111,88.76,,,6011,,1.38,,,,18.999,2011
Kepler-14,b,Transit,6.790123,,0.035,2670.36,8.4,1.136,1.136,7.1,90,,,6395,,1.63,,,,12.733,2011
Kepler-15,b,Transit,4.942782,0.05714,0.06,209.814,0.66,0.96,0.96,0.93,87.44,,,5786,,1.09,,,,10.76,2011
Kepler-16,b,Transit,228.776,0.7048,0.0069,105.8607,0.333,0.754,0.754,0.964,90.032,,,4576,0.69,0.62,,,,8.449,2011
Kepler-17,b,Transit,1.4857108,0.0268,0.011,785.213,2.47,1.33,1.33,1.3,87.2,,,5787,,1.05,,,,14.91,2011
Kepler-18,b,Transit,3.504725,0.0447,0,6.9938,0.022,0.178,0.178,4.9,84.92,,,5385,,0.98,,,,2,2011
Kepler-18,c,Transit,7.64159,0.0752,0,17.1666,0.054,0.49,0.49,0.59,87.68,,,5385,,0.98,,,,5.49,2011
Kepler-18,d,Transit,14.85888,0.1172,0,16.5308,0.052,0.623,0.623,0.27,88.07,,,5385,,0.98,,,,6.98,2011
Kepler-19,b,Transit,9.2869944,,0,20.3456,0.064,0.197,0.197,10.4,89.94,,,5541,,0.86,,,,2.209,2011
Kepler-20,b,Transit,3.6961219,0.04537,0.32,8.5833,0.027,0.17,0.17,6.5,86.5,,,5443,0.9,0.94,,,,1.91,2011
Kepler-20,c,Transit,10.854092,0.093,0.4,16.2129,0.051,0.274,0.274,2.91,88.39,,,5443,0.9,0.94,,,,3.07,2011
Kepler-20,d,Transit,77.61184,0.3453,0.6,20.0277,0.063,0.245,0.245,4.07,89.57,,,5443,0.9,0.94,,,,2.75,2011
Kepler-20,e,Transit,6.098493,,0.28,3.179,0.01,0.077,0.077,,87.5,,,5443,0.9,0.94,,,,0.868,2011
Kepler-20,f,Transit,19.57706,,0.32,14.3055,0.045,0.092,0.092,,88.68,,,5443,0.9,0.94,,,,1.03,2011
Kepler-21,b,Transit,2.785755,0.042507,0,10.4907,0.033,0.146,0.146,12.9,82.58,107.88,8.25,6131,,2.04,HD 179070,HIP 94112,0.518,1.635,2011
Kepler-22,b,Transit,289.8623,0.849,0,35.9227,0.113,0.212,0.212,14.7,89.764,,,5510,,0.85,,,,2.38,2011
Kepler-23,b,Transit,7.1073,0.075,,254.32,0.8,0.17,0.17,,,,,5877,,1.74,,,,1.9,2012
Kepler-23,c,Transit,10.7421,0.099,,858.33,2.7,0.285,0.285,,,,,5877,,1.74,,,,3.2,2012
Kepler-24,b,Transit,8.1453,0.08,,508.64,1.6,0.214,0.214,,,,,5800,,1.1,,,,2.4,2012
Kepler-24,c,Transit,12.3335,0.106,,508.64,1.6,0.25,0.25,,,,,5800,,1.1,,,,2.8,2012
Kepler-25,b,Transit,6.2385,0.068,,4037.33,12.7,0.232,0.232,,,,,6103,,1.66,,,,2.6,2012
Kepler-25,c,Transit,12.7204,0.11,,1322.464,4.16,0.401,0.401,,,,,6103,,1.66,,,,4.5,2012
Kepler-26,b,Transit,12.2829,0.085,,120.802,0.38,0.321,0.321,,,,,4486,0.63,0.58,,,,3.6,2012
Kepler-26,c,Transit,17.2513,0.107,,119.2125,0.375,0.321,0.321,,,,,4486,0.63,0.58,,,,3.6,2012
Kepler-27,b,Transit,15.3348,0.118,,2896.069,9.11,0.357,0.357,,,,,5399,,0.92,,,,4,2012
Kepler-27,c,Transit,31.3309,0.191,,4387.02,13.8,0.437,0.437,,,,,5399,,0.92,,,,4.9,2012
Kepler-28,b,Transit,5.9123,0.062,,480.029,1.51,0.321,0.321,,,,,4590,,0.74,,,,3.6,2012
Kepler-28,c,Transit,8.9858,0.081,,432.344,1.36,0.303,0.303,,,,,4590,,0.74,,,,3.4,2012
Kepler-29,b,Transit,10.3376,0.09,,127.16,0.4,0.321,0.321,,,,,5711,,0.86,,,,3.6,2012
Kepler-29,c,Transit,13.2907,0.11,,95.37,0.3,0.259,0.259,,,,,5711,,0.86,,,,2.9,2012
Kepler-30,b,Transit,29.33434,0.18,0.042,11.4444,0.036,0.348,0.348,1.02,90.179,,,5461,,0.94,,,,3.9,2012
Kepler-30,c,Transit,60.323105,0.3,0.0111,638.979,2.01,1.097,1.097,1.88,90.323,,,5461,,0.94,,,,12.3,2012
Kepler-30,d,Transit,143.34394,0.5,0.022,23.2067,0.073,0.785,0.785,0.19,89.841,,,5461,,0.94,,,,8.8,2012
Kepler-31,b,Transit,20.8613,0.16,,0,,0.491,0.491,,,,,6345,1.16,1.1,,,,5.5,2012
Kepler-31,c,Transit,42.6318,0.26,,1494.13,4.7,0.473,0.473,,,,,6345,1.16,1.1,,,,5.3,2012
Kepler-32,b,Transit,5.90124,0.05,,1303.39,4.1,0.196,0.196,,,,,3911,,0.54,,,,2.2,2012
Kepler-32,c,Transit,8.7522,0.09,,158.95,0.5,0.178,0.178,,,,,3911,,0.54,,,,2,2012
Kepler-33,b,Transit,5.66793,0.0677,0,0,,0.155,0.155,,86.39,,,5904,1.29,1.82,,,,1.74,2012
Kepler-33,c,Transit,13.17562,0.1189,0,0,,0.285,0.285,,88.19,,,5904,1.29,1.82,,,,3.2,2012
Kepler-33,d,Transit,21.77596,0.1662,0,0,,0.477,0.477,,88.71,,,5904,1.29,1.82,,,,5.35,2012
Kepler-33,e,Transit,31.7844,0.2138,0,0,,0.359,0.359,,88.94,,,5904,1.29,1.82,,,,4.02,2012
Kepler-33,f,Transit,41.02902,0.2535,0,0,,0.398,0.398,,89.17,,,5904,1.29,1.82,,,,4.46,2012
Kepler-34,b,Transit,288.822,1.0896,0.182,69.938,0.22,0.764,0.764,0.613,90.355,,,5706,,1.03,,,,8.564,2012
Kepler-35,b,Transit,131.458,0.60347,0.042,40.3733,0.127,0.728,0.728,0.41,90.76,,,5359,,0.67,,,,8.16,2012
Kepler-36,b,Transit,13.83989,0.1153,0.039,4.4506,0.014,0.133,0.133,7.46,90.01,470,,5911,1.07,1.63,,,,1.486,2012
Kepler-36,c,Transit,16.23855,0.1283,0.033,7.9475,0.025,0.328,0.328,0.89,89.98,470,,5911,1.07,1.63,,,,3.679,2012
Kepler-38,b,Transit,105.599,0.4632,0.032,0,,0.384,0.384,,89.442,600,,5623,0.94,1.75,,,,4.3,2012
Kepler-39,b,Transit,21.0874,0.155,0.121,5722.2,18,1.22,1.22,12.4,88.83,1200,,6260,1.1,1.39,,,,13.68,2011
Kepler-4,b,Transit,3.21346,0.0456,0,24.4783,0.077,0.357,0.357,1.91,89.76,,,5858,,1.27,,,,4.002,2010
Kepler-40,b,Transit,6.87349,0.08,0,699.38,2.2,1.17,1.17,1.68,89.7,2700,,6510,1.48,2.13,,,,13.11,2011
Kepler-41,b,Transit,1.855558,0.03,0,174.845,0.55,0.89,0.89,1.1,88.3,770,,5620,1.12,1.02,,,,9.98,2011
Kepler-42,b,Transit,1.2137672,0.0116,,0,,0.07,0.07,,,38.7,,3068,0.13,0.17,,,,0.78,2012
Kepler-42,c,Transit,0.45328509,0.006,,0,,0.065,0.065,,,38.7,,3068,0.13,0.17,,,,0.73,2012
Kepler-42,d,Transit,1.865169,0.0154,,0,,0.051,0.051,,,38.7,,3068,0.13,0.17,,,,0.57,2012
Kepler-43,b,Transit,3.024095,0.0449,0.025,1026.817,3.23,1.2,1.2,2.33,84.35,1950,,6041,1.32,1.42,,,,13.45,2011
Kepler-44,b,Transit,3.24674,0.0455,0.021,324.258,1.02,1.24,1.24,0.65,83.78,2250,,5757,1.19,1.52,,,,13.9,2011
Kepler-45,b,Transit,2.455239,0.03,0.11,160.5395,0.505,0.96,0.96,0.8,87,333,,3820,0.59,0.55,,,,10.76,2011
Kepler-46,b,Transit,33.60134,0.1968,0.01,1907.4,6,0.808,0.808,14,89.038,855,,5155,0.9,0.94,,,,9.057,2012
Kepler-46,c,Transit,57.011,0.2799,0.0146,119.5304,0.376,,,,87.4,855,,5155,0.9,0.94,,,,,2012
Kepler-47,b,Transit,49.532,0.2962,0.035,635.8,2,0.27,0.27,,89.7,,,5636,1.04,0.96,,,,3.03,2012
Kepler-47,c,Transit,303.137,0.991,0.411,8901.2,28,0.411,0.411,,89.825,,,5636,1.04,0.96,,,,4.62,2012
Kepler-48,b,Transit,4.7779803,,,1888.326,5.94,0.191,0.191,,,,,5190,0.89,0.89,,,,2.14,2012
Kepler-48,c,Transit,9.6739283,,,3690.819,11.61,0.28,0.28,,,,,5190,0.89,0.89,,,,3.14,2012
Kepler-49,b,Transit,7.2037945,,,311.542,0.98,0.243,0.243,,,,,3974,0.55,0.53,,,,2.72,2012
Kepler-49,c,Transit,10.9129343,,,228.888,0.72,0.227,0.227,,,,,3974,0.55,0.53,,,,2.55,2012
Kepler-5,b,Transit,3.54846,0.05064,0.024,672.0406,2.114,1.431,1.431,0.894,86.3,,,6297,,2.02,,,,16.04,2010
Kepler-50,b,Transit,7.8125124,,,31.79,0.1,0.196,0.196,,,,,6058,1.23,1.88,,,,2.2,2012
Kepler-50,c,Transit,9.3761368,,,34.969,0.11,0.249,0.249,,,,,6058,1.23,1.88,,,,2.79,2012
Kepler-51,b,Transit,45.1555023,,,1026.817,3.23,0.629,0.629,,,,,5803,1,0.91,,,,7.05,2012
Kepler-51,c,Transit,85.3128662,,,826.54,2.6,0.509,0.509,,,,,5803,1,0.91,,,,5.71,2012
Kepler-52,b,Transit,7.8773565,,,2765.73,8.7,0.187,0.187,,,,,4075,0.54,0.52,,,,2.1,2012
Kepler-52,c,Transit,16.3850021,,,3309.339,10.41,0.164,0.164,,,,,4075,0.54,0.52,,,,1.84,2012
Kepler-53,b,Transit,18.6489525,,,5852.539,18.41,0.258,0.258,,,,,5858,0.98,0.89,,,,2.89,2012
Kepler-53,c,Transit,38.5583038,,,5003.746,15.74,0.283,0.283,,,,,5858,0.98,0.89,,,,3.17,2012
Kepler-54,b,Transit,8.0109434,,,292.468,0.92,0.187,0.187,,,,,3705,0.51,0.5,,,,2.1,2012
Kepler-54,c,Transit,12.0717249,,,117.623,0.37,0.11,0.11,,,,,3705,0.51,0.5,,,,1.23,2012
Kepler-55,b,Transit,27.9481449,,,473.671,1.49,0.217,0.217,,,,,4362,0.62,0.58,,,,2.43,2012
Kepler-55,c,Transit,42.1516418,,,352.869,1.11,0.197,0.197,,,,,4362,0.62,0.58,,,,2.21,2012
Kepler-56,b,Transit,10.5034294,,,1627.648,5.12,0.343,0.343,,,,,4931,1.37,3.14,,,,3.84,2012
Kepler-56,c,Transit,21.4050484,,,3872.022,12.18,0.7,0.7,,,,,4931,1.37,3.14,,,,7.85,2012
Kepler-57,b,Transit,5.7293196,,,5995.594,18.86,0.195,0.195,,,,,5145,0.83,0.73,,,,2.19,2012
Kepler-57,c,Transit,11.6092567,,,2209.405,6.95,0.138,0.138,,,,,5145,0.83,0.73,,,,1.55,2012
Kepler-58,b,Transit,10.2184954,,,441.881,1.39,0.248,0.248,,,,,5843,0.95,1.03,,,,2.78,2012
Kepler-58,c,Transit,15.5741568,,,696.201,2.19,0.255,0.255,,,,,5843,0.95,1.03,,,,2.86,2012
Kepler-59,b,Transit,11.8681707,,,651.695,2.05,0.098,0.098,,,,,6074,1.04,0.94,,,,1.1,2012
Kepler-59,c,Transit,17.9801235,,,435.523,1.37,0.177,0.177,,,,,6074,1.04,0.94,,,,1.98,2012
Kepler-6,b,Transit,3.234723,0.04567,0,212.6751,0.669,1.323,1.323,0.352,86.8,,,5826,,1.08,,,,14.83,2010
Kepler-60,b,Transit,7.1316185,,,79.475,0.25,0.203,0.203,,,,,5915,1.11,1.5,,,,2.28,2012
Kepler-60,c,Transit,8.9193459,,,178.024,0.56,0.22,0.22,,,,,5915,1.11,1.5,,,,2.47,2012
Kepler-60,d,Transit,11.9016171,,,216.172,0.68,0.227,0.227,,,,,5915,1.11,1.5,,,,2.55,2012
Kepler-7,b,Transit,4.885525,0.06224,0,137.6507,0.433,1.478,1.478,0.166,86.5,,,5934,,1.78,,,,16.567,2010
Kepler-8,b,Transit,3.52254,0.0483,0,191.6937,0.603,1.419,1.419,0.261,84.07,,,6025,,1.56,,,,15.906,2010
Kepler-9,b,Transit,19.24,0.14,0.15,80.1108,0.252,0.842,0.842,0.524,,,,5777,,1.01,,,,9.438,2010
Kepler-9,c,Transit,38.91,0.225,0.13,54.3609,0.171,0.823,0.823,0.383,,,,5777,,1.01,,,,9.225,2010
Kepler-9,d,Transit,1.592851,0.0273,,0,,0.146,0.146,,,,,5777,,1.01,,,,1.64,2011
LKCA 15,b,Imaging,40000,,,1907.4,6,,,,,,,,,,,,,,2011
Lupus-TR-3,b,Transit,3.91405,0.0464,0,257.499,0.81,0.89,0.89,1.4,88.3,2000,,5000,0.87,0.82,,,,9.976,2007
MOA 2007-BLG-192L,b,Microlensing,,,,3.179,0.01,,,,,,,,,,,,,,2008
MOA 2007-BLG-400L,b,Microlensing,,,,286.11,0.9,,,,,,,,,,,,,,2008
MOA 2008-BLG-310L,b,Microlensing,,,,73.117,0.23,,,,,,,,,,,,,,2009
MOA 2009-BLG-266L,b,Microlensing,2780,,,10.39533,0.0327,,,,,,,,,,,,,,2011
MOA 2009-BLG-319L,b,Microlensing,,,,49.9103,0.157,,,,,,,,,,,,,,2010
MOA 2009-BLG-387L,b,Microlensing,1970,,,826.54,2.6,,,,,,,,,,,,,,2011
MOA 2010-BLG-477L,b,Microlensing,,2,,476.85,1.5,,,,,2300,,5950,0.67,,,,,,2012
NGC 4349 127,b,Radial Velocity,677.8,2.38,0.19,0,,,,,,,,,,,,,,,2007
NN Ser,c,Eclipse Timing Variations,5660,5.38,,2196.689,6.91,,,,,,,,,,,,,,2010
NN Ser,d,Eclipse Timing Variations,2830,3.39,,724.812,2.28,,,,,,,,,,,,,,2009
NY Vir,b,Eclipse Timing Variations,2900,3.3,,731.17,2.3,,,,,,,,,,,,,,2011
OGLE 2003-BLG-235L,b,Microlensing,,,,826.54,2.6,,,,,,,,,,,,,,2004
OGLE 2005-BLG-169L,b,Microlensing,3300,,,12.716,0.04,,,,,,,,,,,,,,2005
OGLE 2005-BLG-390L,b,Microlensing,3500,,,5.4043,0.017,,,,,,,,,,,,,,2005
OGLE 2005-BLG-71L,b,Microlensing,3600,,,1208.02,3.8,,,,,,,,,,,,,,2005
OGLE 2006-BLG-109L,b,Microlensing,1825,,,225.709,0.71,,,,,,,,,,,,,,2008
OGLE 2006-BLG-109L,c,Microlensing,5100,,0.11,85.833,0.27,,,,59,,,,,,,,,,2008
OGLE 2007-BLG-368L,b,Microlensing,,,,22.06226,0.0694,,,,,,,,,,,,,,2008
OGLE-TR-056,b,Transit,1.21191096,0.01942,0,441.881,1.39,1.378,1.378,0.68,73.72,,15.3,6050,1.23,1.36,,,,15.446,2002
OGLE-TR-10,b,Transit,3.101278,0.0434,,197.098,0.62,1.25,1.25,0.4,90,,14.93,5950,1.14,1.17,,,,14.011,2004
OGLE-TR-111,b,Transit,4.0161,0.04689,,174.845,0.55,1.051,1.051,0.59,88.25,,15.55,5040,0.85,0.83,,,,11.781,2004
OGLE-TR-113,b,Transit,1.4324752,0.02289,,400.554,1.26,1.093,1.093,1.2,87.8,600,14.42,4790,0.78,0.77,,,,12.251,2004
OGLE-TR-132,b,Transit,1.689868,0.03035,,375.122,1.18,1.2,1.2,0.85,83.4,2500,15.72,6210,1.3,1.32,,,,13.451,2004
OGLE-TR-182,b,Transit,3.9791,0.051,0,321.079,1.01,1.13,1.13,,85.7,,,5924,1.14,1.14,,,,12.666,2007
OGLE-TR-211,b,Transit,3.67724,0.051,0,327.437,1.03,1.36,1.36,,87.2,,,6325,1.33,1.64,,,,15.244,2007
OGLE2-TR-L9,b,Transit,2.4855335,0.0308,,1430.55,4.5,1.61,1.61,,79.8,,,6933,1.52,1.53,,,,18.046,2007
Oph 11,b,Imaging,730000,,,6675.9,21,,,,,,,,,,,,,,2012
PSR B1257+12,b,Pulsar Timing,25.262,0.19,0,0.022253,0.00007,,,,,,,,,,,,,,1992
PSR B1257+12,c,Pulsar Timing,66.5419,0.36,0.0186,4.1327,0.013,,,,53,,,,,,,,,,1992
PSR B1257+12,d,Pulsar Timing,98.2114,0.46,0.0252,3.8148,0.012,,,,47,,,,,,,,,,1992
PSR B1620-26,b,Pulsar Timing,36525,23,,794.75,2.5,,,,55,,,,,,,,,,1994
Pr0201,b,Radial Velocity,4.4264,,0,171.666,0.54,,,,,,,6174,1.23,1.17,,,,,2012
Pr0211,b,Radial Velocity,2.1451,,0,586.2076,1.844,,,,,,,5326,0.95,0.87,,,,,2012
Qatar-1,b,Transit,1.420033,0.02343,0,346.511,1.09,1.164,1.164,0.918,83.47,,,4861,0.85,0.82,,,,13.047,2010
Qatar-2,b,Transit,1.3371182,0.02149,0,790.6173,2.487,1.144,1.144,2.208,88.3,,,4645,0.74,0.71,,,,12.823,2011
SR 12 AB,c,Imaging,,,,4132.7,13,,,,,,,,,,,,,,2011
SWEEPS-11,b,Transit,1.796,0.03,,3083.63,9.7,1.13,1.13,,,8500,,,1.1,1.45,,,,12.666,2006
SWEEPS-4,b,Transit,4.2,0.055,,1208.02,3.8,0.81,0.81,,,8500,,,1.24,1.18,,,,9.079,2006
TrES-1,b,Transit,3.030065,0.03925,0,239.0608,0.752,1.067,1.067,0.769,90,152.3,11.79,5230,0.88,0.81,,,0.78,11.96,2004
TrES-2,b,Transit,2.47063,0.03556,0,381.1621,1.199,1.272,1.272,0.77,83.62,213,11.411,5850,0.98,1,,,0.619,14.258,2006
TrES-3,b,Transit,1.30618581,0.02282,0,607.189,1.91,1.336,1.336,0.994,81.85,228,12.402,5650,0.93,0.83,,,0.712,14.975,2007
TrES-4,b,Transit,3.553945,0.05091,0,292.1501,0.919,1.799,1.799,0.209,82.86,492,11.592,6200,1.4,1.85,,,0.52,20.165,2007
TrES-5,b,Transit,1.4822446,0.02446,0,565.2262,1.778,1.209,1.209,1.25,84.529,360,,5171,0.89,0.87,,,,13.552,2011
UScoCTIO 108,b,Imaging,,,,4450.6,14,,,,,,,,,,,,,,2007
V391 Peg,b,Pulsar Timing,1170,1.7,0,1017.28,3.2,,,,,,,,,,,,,,2007
WASP-1,b,Transit,2.5199449,,0,291.8322,0.918,1.514,1.514,0.328,88.65,408,11.79,6110,1.3,1.52,,,0.928,16.97,2006
WASP-10,b,Transit,3.0927616,0.03781,,1001.385,3.15,1.03,1.03,3.91,89.5,90,,4675,0.75,0.7,,,,11.545,2008
WASP-11,b,Transit,3.7224747,0.0435,0,154.8173,0.487,1.005,1.005,0.594,88.6,121.7,,4980,0.83,0.79,,,,11.265,2008
WASP-12,b,Transit,1.091423,0.0229,0.049,448.239,1.41,1.79,1.79,0.24,83.1,,,6300,1.35,1.57,,,,20.1,2008
WASP-13,b,Transit,4.353011,0.05362,0,151.6383,0.477,1.389,1.389,0.222,85.19,155,,5826,1.09,1.56,,,,15.569,2008
WASP-14,b,Transit,2.243752,0.036,0.091,2333.7039,7.341,1.281,1.281,4.656,84.32,160,,6475,1.21,1.31,,,,14.36,2008
WASP-15,b,Transit,3.7520656,0.0499,0,172.3018,0.542,1.428,1.428,0.247,85.5,,,6300,1.18,1.48,,,,16.01,2008
WASP-16,b,Transit,3.1186009,0.0421,0,271.8045,0.855,1.008,1.008,1.104,85.22,,,5700,1.02,0.95,,,,11.3,2009
WASP-17,b,Transit,3.7354417,0.051,0.129,155.771,0.49,1.74,1.74,0.122,87.8,400,,6550,1.2,1.38,,,,19.5,2009
WASP-18,b,Transit,0.94145299,0.02026,0.0092,3315.697,10.43,1.165,1.165,8.78,86,100,9.303,6400,1.28,1.23,HD 10069,HIP 7562,0.46,13.059,2009
WASP-19,b,Transit,0.78884,0.01655,0.0046,371.3072,1.168,1.386,1.386,0.583,79.4,250,,5500,0.97,0.99,,,,15.536,2009
WASP-2,b,Transit,2.152226,,0,290.5606,0.914,1.117,1.117,0.87,84.8,165.8,11.98,5200,0.89,0.84,,,,12.52,2006
WASP-21,b,Transit,4.322482,0.052,0,95.37,0.3,1.07,1.07,0.319,88.75,242,,5800,1.01,1.06,,,,11.994,2010
WASP-22,b,Transit,3.5327313,0.04698,0,186.9252,0.588,1.158,1.158,0.503,88.26,300,,5958,1.11,1.22,,,,12.98,2010
WASP-23,b,Transit,2.9444256,0.0376,0.062,281.0236,0.884,0.962,0.962,,88.39,,,5150,0.78,0.77,,,,10.783,2011
WASP-24,b,Transit,2.34121242,0.03651,0,340.4709,1.071,1.3,1.3,0.648,83.64,,,6075,1.18,1.33,,,,14.571,2010
WASP-25,b,Transit,3.764825,0.0473,0,184.382,0.58,1.22,1.22,0.422,88,,,5703,1,0.92,,,,13.675,2010
WASP-26,b,Transit,2.7566004,0.03985,0,326.8012,1.028,1.281,1.281,0.649,82.91,250,,5939,1.11,1.3,,,,14.359,2010
WASP-28,b,Transit,3.408821,0.0455,0.046,289.289,0.91,1.12,1.12,,89.1,,,,,,,,,12.554,2010
WASP-29,b,Transit,3.922727,0.0457,0.03,77.5676,0.244,0.792,0.792,0.65,88.8,70,,4800,0.82,0.81,,,,8.878,2010
WASP-3,b,Transit,1.846835,0.03151,0,559.504,1.76,1.29,1.29,1.037,84.93,220,,6400,1.24,1.31,,,,14.5,2007
WASP-31,b,Transit,3.4059096,0.04659,0,151.9562,0.478,1.549,1.549,0.172,84.41,360,,6302,1.16,1.25,,,,17.363,2010
WASP-32,b,Transit,2.718659,0.0394,0.018,1144.44,3.6,1.18,1.18,2.926,85.3,,,6100,1.1,1.11,,,,13.227,2010
WASP-33,b,Transit,1.2198669,0.02555,,1303.39,4.1,1.497,1.497,,87.67,116,8.142,7430,1.5,1.44,HD 15082,HIP 11397,0.27,16.78,2010
WASP-34,b,Transit,4.3176782,0.0524,0.038,187.561,0.59,1.22,1.22,0.452,85.2,120,,5700,1.01,0.93,,,,13.675,2010
WASP-35,b,Transit,3.161575,0.04317,0,228.888,0.72,1.32,1.32,0.426,87.96,,,5990,1.07,1.09,,,,14.796,2011
WASP-36,b,Transit,1.5373653,0.02643,0,732.1237,2.303,1.281,1.281,1.458,83.61,450,,5959,1.04,0.95,,,,14.359,2010
WASP-37,b,Transit,3.577469,0.0446,0,572.22,1.8,1.16,1.16,1.53,88.82,343,,5800,0.93,1,,,,13.002,2010
WASP-38,b,Transit,6.871815,0.07522,0.0314,855.4689,2.691,1.094,1.094,2.74,88.69,110,,6150,1.2,1.33,HD 146389,,,12.263,2010
WASP-39,b,Transit,4.055259,0.0486,0,89.012,0.28,1.27,1.27,0.186,87.83,230,,5400,0.93,0.9,,,,14.235,2011
WASP-4,b,Transit,1.33823187,0.02312,0,393.2423,1.237,1.413,1.413,0.774,88.8,300,,5500,0.93,0.91,,,,15.838,2007
WASP-41,b,Transit,3.052401,0.0402,0,292.468,0.92,1.2,1.2,0.665,87.7,180,,5450,0.93,0.9,,,,13.451,2010
WASP-42,b,Transit,4.9816872,0.0548,0.06,158.95,0.5,1.08,1.08,0.528,88.25,160,,5200,0.88,0.86,,,,12.106,2012
WASP-43,b,Transit,0.813475,0.0142,0,565.862,1.78,0.93,0.93,2.939,82.6,80,,4400,0.58,0.6,,,,10.424,2011
WASP-44,b,Transit,2.4238039,0.03473,0,282.6131,0.889,1.14,1.14,0.811,86.02,,,5410,0.95,0.93,,,,12.778,2011
WASP-45,b,Transit,3.1260876,0.04054,0,320.1253,1.007,1.16,1.16,0.851,84.47,,,5140,0.91,0.94,,,,13.002,2011
WASP-46,b,Transit,1.43037,0.02448,0,667.9079,2.101,1.31,1.31,1.25,82.63,,,5620,0.96,0.92,,,,14.684,2011
WASP-47,b,Transit,4.1591399,0.052,0.11,362.406,1.14,1.15,1.15,0.984,89.2,200,,5350,1.08,1.15,,,,12.89,2012
WASP-48,b,Transit,2.143634,0.03444,0,311.542,0.98,1.67,1.67,0.279,80.09,,,5920,1.19,1.75,,,,18.719,2011
WASP-49,b,Transit,2.7817387,0.0379,0,120.1662,0.378,1.115,1.115,0.363,84.89,170,,5600,0.94,0.98,,,,12.498,2012
WASP-5,b,Transit,1.62843142,0.02702,0,498.4672,1.568,1.167,1.167,1.224,85.58,300,,5700,1,1.08,,,,13.081,2007
WASP-50,b,Transit,1.9550959,0.02945,0.009,466.6772,1.468,1.153,1.153,1.274,84.74,230,,5400,0.89,0.84,,,,12.924,2011
WASP-55,b,Transit,4.465633,0.0533,0.2,181.203,0.57,1.3,1.3,0.346,89.2,330,,5960,1.01,1.06,,,,14.572,2012
WASP-6,b,Transit,3.361006,0.0421,0.054,159.9037,0.503,1.224,1.224,0.359,88.47,,,5450,0.88,0.87,,,,13.72,2008
WASP-61,b,Transit,3.8559,0.0514,0.26,654.874,2.06,1.24,1.24,1.423,89.35,480,,6320,1.22,1.36,,,,13.899,2012
WASP-62,b,Transit,4.411953,0.0567,0.21,181.203,0.57,1.39,1.39,0.279,88.3,160,,6280,1.25,1.28,,,,15.581,2012
WASP-63,b,Transit,4.37809,0.0574,0.22,120.802,0.38,1.43,1.43,0.173,87.8,330,,5570,1.32,1.88,,,,16.029,2012
WASP-66,b,Transit,4.086052,0.0546,0.11,737.528,2.32,1.39,1.39,1.144,85.9,380,,6580,1.3,1.75,,,,15.581,2012
WASP-67,b,Transit,4.61442,0.0517,0.2,133.518,0.42,1.4,1.4,0.213,85.8,225,,5240,0.87,0.87,,,,15.693,2012
WASP-7,b,Transit,4.954658,0.0618,0,305.184,0.96,1.33,1.33,0.545,89.6,140,,6400,1.28,1.43,HD 197286,,,14.908,2008
WASP-78,b,Transit,2.17517632,0.0362,0,282.931,0.89,1.7,1.7,0.2394,83.2,550,,6100,1.17,1.6,,,,19.055,2012
WASP-79,b,Transit,3.6623866,0.0535,0,286.11,0.9,2.09,2.09,2.7797,83.3,240,,6600,1.38,1.53,,,,23.427,2012
WASP-8,b,Transit,8.158715,0.0801,0.31,713.3676,2.244,1.038,1.038,,88.55,87,,5600,1.03,0.94,,,,11.63,2008
WTS-1,b,Transit,3.352057,0.047,0.1,1274.779,4.01,1.49,1.49,1.61,85.5,3200,,6250,1.2,1.15,,,,16.7,2012
XO-1,b,Transit,3.94150685,0.049,0,292.468,0.92,1.21,1.21,0.64,88.8,172,11.19,5750,1.03,0.94,,,0.66,13.563,2006
XO-2,b,Transit,2.615864,0.0368,,179.6135,0.565,0.996,0.996,,,148,11.18,5340,0.97,0.98,,,0.82,11.164,2007
XO-3,b,Transit,3.1915239,0.0454,0.26,3748.041,11.79,1.217,1.217,8.1,84.2,174,,6429,1.21,1.38,,,,13.641,2007
XO-4,b,Transit,4.12502,0.0555,0,546.788,1.72,1.34,1.34,,88.7,293,,6397,1.32,1.56,,,,15.02,2008
XO-5,b,Transit,4.187757,0.0488,,336.6561,1.059,1.109,1.109,0.96,86.7,260,,5370,0.88,1.08,,,,12.431,2008
alpha Ari,b,Radial Velocity,380.8,1.2,0.25,0,,,,,,20.2,2,4553,1.5,13.9,HD 12929,HIP 9884,1.15,,2011
alpha Cen B,b,Radial Velocity,3.2357,0.04,0,0,,,,,,1.35,1.34,5214,0.93,0.86,HD 128621,HIP 71681,0.84,,2012
beta Pic,b,Imaging,6000,8,,2543.2,8,,,,,19.28,3.85,,,,HD 39060,HIP 27321,0.17,,2008
epsilon CrB,b,Radial Velocity,417.9,1.3,0.11,2129.93,6.7,,,,,70.42,4.15,,,,HD 143107,HIP 78159,1.23,,2012
epsilon Eri,b,Radial Velocity,2502,3.39,0.702,0,,,,,30.1,3.22,3.73,,0.83,,HD 22049,HIP 16537,0.88,,2000
epsilon Tau,b,Radial Velocity,594.9,1.93,0.151,0,,,,,,47.5,3.54,4901,2.7,13.7,HD 28305,HIP 20889,1.01,,2007
gamma 1 Leo,b,Radial Velocity,428.5,1.19,0.144,0,,,,,,38.5,1.98,4330,1.23,31.88,HD 89484,HIP 50583A,1.15,,2009
gamma Cep,b,Radial Velocity,903.3,2.05,0.049,0,,,,,,13.8,3.21,4888,1.4,4.9,HD 222404,HIP 116727,1.03,,2003
kappa CrB,b,Radial Velocity,1251,2.6,0.073,508.64,1.6,,,,,31.1,4.82,4877,1.51,5,HD 142091,HIP 77655,1,,2007
ksi Aql,b,Radial Velocity,136.75,0.68,0,0,,,,,,62.66,4.68,,,,HD 188310,HIP 97938,1.05,,2008
nu Oph,b,Radial Velocity,530.32,1.9,0.1256,7629.6,24,,,,,46.8,3.34,4928,3.04,15.1,HD 163917,HIP 88048,0.99,,2004
nu Oph,c,Radial Velocity,3186,6.1,0.165,8583.3,27,,,,,46.8,3.34,4928,3.04,15.1,HD 163917,HIP 88048,0.99,,2010
omicron CrB,b,Radial Velocity,187.83,0.83,0.191,476.85,1.5,,,,,84,5.51,4749,2.13,10.5,HD 136512,HIP 75049,1.02,,2012
omicron UMa,b,Radial Velocity,1630,3.9,0.13,1303.39,4.1,,,,,56.3,3.36,5242,3.09,14.1,HD 71369,HIP 41704,0.85,,2012
rho CrB,b,Radial Velocity,39.845,0.22,0.04,0,,,,,,17.43,5.4,,,,HD 143761,HIP 78459,0.6,,1997
tau Boo,b,Radial Velocity,3.3135,0.046,0.018,0,,,,,,15.6,4.5,,,,HD 120136,HIP 67275,0.48,,1996
upsilon And,b,Radial Velocity,4.617033,0.059222,0.0215,0,,,,,,13.47,4.1,,,,HD 9826,HIP 7513,0.54,,1996
upsilon And,c,Radial Velocity,241.258,0.827774,0.2596,0,,,,,,13.47,4.1,,,,HD 9826,HIP 7513,0.54,,1999
upsilon And,d,Radial Velocity,1276.46,2.51329,0.2987,0,,,,,,13.47,4.1,,,,HD 9826,HIP 7513,0.54,,1999
upsilon And,e,Radial Velocity,3848.86,5.24558,0.00536,0,,,,,,13.47,4.1,,,,HD 9826,HIP 7513,0.54,,2010
,,,,,,,,,,,,,,,,,,,,,
Min,,,,0.006,,0,,,,,,,,2949,,,,,,,
Max,,,,1168,,9988.418,,,,,,,,27730,,,,,,,
